[debug] [2026-07-25T20:53:23.864Z] ----------------------------------------------------------------------
[debug] [2026-07-25T20:53:23.869Z] Command:       C:\Program Files\nodejs\node.exe F:\جعفر\jaffer\node_modules\firebase-tools\lib\bin\firebase.js login:list
[debug] [2026-07-25T20:53:23.869Z] CLI Version:   15.24.0
[debug] [2026-07-25T20:53:23.869Z] Platform:      win32
[debug] [2026-07-25T20:53:23.870Z] Node Version:  v24.15.0
[debug] [2026-07-25T20:53:23.870Z] Detected Agent: codex_cli
[debug] [2026-07-25T20:53:23.870Z] Time:          Sat Jul 25 2026 23:53:23 GMT+0300 (Eastern European Summer Time)
[debug] [2026-07-25T20:53:23.871Z] ----------------------------------------------------------------------
[debug] 
[info] Logged in as farouqmurtaja96@gmail.com
[debug] [2026-07-25T20:53:25.588Z] ----------------------------------------------------------------------
[debug] [2026-07-25T20:53:25.593Z] Command:       C:\Program Files\nodejs\node.exe F:\جعفر\jaffer\node_modules\firebase-tools\lib\bin\firebase.js projects:list
[debug] [2026-07-25T20:53:25.593Z] CLI Version:   15.24.0
[debug] [2026-07-25T20:53:25.593Z] Platform:      win32
[debug] [2026-07-25T20:53:25.594Z] Node Version:  v24.15.0
[debug] [2026-07-25T20:53:25.594Z] Detected Agent: codex_cli
[debug] [2026-07-25T20:53:25.594Z] Time:          Sat Jul 25 2026 23:53:25 GMT+0300 (Eastern European Summer Time)
[debug] [2026-07-25T20:53:25.595Z] ----------------------------------------------------------------------
[debug] 
[debug] [2026-07-25T20:53:25.847Z] > command requires scopes: ["email","openid","https://www.googleapis.com/auth/cloudplatformprojects.readonly","https://www.googleapis.com/auth/firebase","https://www.googleapis.com/auth/cloud-platform"]
[debug] [2026-07-25T20:53:25.848Z] > authorizing via signed-in user (farouqmurtaja96@gmail.com)
[debug] [2026-07-25T20:53:25.865Z] Checked if tokens are valid: true, expires at: 1785016364969
[debug] [2026-07-25T20:53:25.865Z] Checked if tokens are valid: true, expires at: 1785016364969
[debug] [2026-07-25T20:53:25.867Z] >>> [apiv2][query] GET https://firebase.googleapis.com/v1beta1/projects pageSize=1000
[debug] [2026-07-25T20:53:26.453Z] <<< [apiv2][status] GET https://firebase.googleapis.com/v1beta1/projects 200
[debug] [2026-07-25T20:53:26.454Z] <<< [apiv2][body] GET https://firebase.googleapis.com/v1beta1/projects [omitted]
[info] ┌──────────────────────┬──────────────────────┬────────────────┬──────────────────────┐
│ Project Display Name │ Project ID           │ Project Number │ Resource Location ID │
├──────────────────────┼──────────────────────┼────────────────┼──────────────────────┤
│ farouqapp            │ farouqapp-7ea93      │ 362146773658   │ [Not specified]      │
├──────────────────────┼──────────────────────┼────────────────┼──────────────────────┤
│ jafferapp            │ jafferapp (current)  │ 961546340485   │ [Not specified]      │
├──────────────────────┼──────────────────────┼────────────────┼──────────────────────┤
│ palestinianarabiclab │ palestinianarabiclab │ 1057456920886  │ [Not specified]      │
├──────────────────────┼──────────────────────┼────────────────┼──────────────────────┤
│ Tajweed Teaching     │ tajweed-teaching     │ 334411710752   │ [Not specified]      │
└──────────────────────┴──────────────────────┴────────────────┴──────────────────────┘
[info] 
[info] 4 project(s) total.
[debug] [2026-07-25T20:53:39.388Z] ----------------------------------------------------------------------
[debug] [2026-07-25T20:53:39.392Z] Command:       C:\Program Files\nodejs\node.exe F:\جعفر\jaffer\node_modules\firebase-tools\lib\bin\firebase.js deploy --only firestore:rules --project jafferapp --non-interactive
[debug] [2026-07-25T20:53:39.393Z] CLI Version:   15.24.0
[debug] [2026-07-25T20:53:39.393Z] Platform:      win32
[debug] [2026-07-25T20:53:39.394Z] Node Version:  v24.15.0
[debug] [2026-07-25T20:53:39.394Z] Detected Agent: codex_cli
[debug] [2026-07-25T20:53:39.395Z] Time:          Sat Jul 25 2026 23:53:39 GMT+0300 (Eastern European Summer Time)
[debug] [2026-07-25T20:53:39.395Z] ----------------------------------------------------------------------
[debug] 
[debug] [2026-07-25T20:53:41.027Z] > command requires scopes: ["email","openid","https://www.googleapis.com/auth/cloudplatformprojects.readonly","https://www.googleapis.com/auth/firebase","https://www.googleapis.com/auth/cloud-platform"]
[debug] [2026-07-25T20:53:41.029Z] > authorizing via signed-in user (farouqmurtaja96@gmail.com)
[debug] [2026-07-25T20:53:41.030Z] [iam] checking project jafferapp for permissions ["datastore.indexes.create","datastore.indexes.delete","datastore.indexes.list","datastore.indexes.update","firebase.projects.get"]
[debug] [2026-07-25T20:53:41.048Z] Checked if tokens are valid: true, expires at: 1785016364969
[debug] [2026-07-25T20:53:41.049Z] Checked if tokens are valid: true, expires at: 1785016364969
[debug] [2026-07-25T20:53:41.050Z] >>> [apiv2][query] POST https://cloudresourcemanager.googleapis.com/v1/projects/jafferapp:testIamPermissions [none]
[debug] [2026-07-25T20:53:41.051Z] >>> [apiv2][(partial)header] POST https://cloudresourcemanager.googleapis.com/v1/projects/jafferapp:testIamPermissions  x-goog-user-project=jafferapp
[debug] [2026-07-25T20:53:41.051Z] >>> [apiv2][body] POST https://cloudresourcemanager.googleapis.com/v1/projects/jafferapp:testIamPermissions {"permissions":["datastore.indexes.create","datastore.indexes.delete","datastore.indexes.list","datastore.indexes.update","firebase.projects.get"]}
[debug] [2026-07-25T20:53:41.879Z] <<< [apiv2][status] POST https://cloudresourcemanager.googleapis.com/v1/projects/jafferapp:testIamPermissions 200
[debug] [2026-07-25T20:53:41.879Z] <<< [apiv2][body] POST https://cloudresourcemanager.googleapis.com/v1/projects/jafferapp:testIamPermissions {"permissions":["datastore.indexes.create","datastore.indexes.delete","datastore.indexes.list","datastore.indexes.update","firebase.projects.get"]}
[info] 
[info] === Deploying to 'jafferapp'...
[info] 
[info] i  deploying firestore 
[info] i  firestore: ensuring required API firestore.googleapis.com is enabled... 
[debug] [2026-07-25T20:53:41.884Z] Checked if tokens are valid: true, expires at: 1785016364969
[debug] [2026-07-25T20:53:41.884Z] Checked if tokens are valid: true, expires at: 1785016364969
[debug] [2026-07-25T20:53:41.884Z] >>> [apiv2][query] GET https://serviceusage.googleapis.com/v1/projects/jafferapp/services/firestore.googleapis.com [none]
[debug] [2026-07-25T20:53:41.884Z] >>> [apiv2][(partial)header] GET https://serviceusage.googleapis.com/v1/projects/jafferapp/services/firestore.googleapis.com  x-goog-user-project=jafferapp
[debug] [2026-07-25T20:53:42.844Z] <<< [apiv2][status] GET https://serviceusage.googleapis.com/v1/projects/jafferapp/services/firestore.googleapis.com 200
[debug] [2026-07-25T20:53:42.844Z] <<< [apiv2][body] GET https://serviceusage.googleapis.com/v1/projects/jafferapp/services/firestore.googleapis.com [omitted]
[info] +  firestore: required API firestore.googleapis.com is enabled 
[info] i  firestore: ensuring required API firestore.googleapis.com is enabled... 
[debug] [2026-07-25T20:53:42.854Z] Checked if tokens are valid: true, expires at: 1785016364969
[debug] [2026-07-25T20:53:42.855Z] Checked if tokens are valid: true, expires at: 1785016364969
[debug] [2026-07-25T20:53:42.855Z] >>> [apiv2][query] GET https://firestore.googleapis.com/v1/projects/jafferapp/databases/(default) [none]
[debug] [2026-07-25T20:53:43.709Z] <<< [apiv2][status] GET https://firestore.googleapis.com/v1/projects/jafferapp/databases/(default) 200
[debug] [2026-07-25T20:53:43.710Z] <<< [apiv2][body] GET https://firestore.googleapis.com/v1/projects/jafferapp/databases/(default) {"name":"projects/jafferapp/databases/(default)","uid":"900b80f5-5e7e-4a8f-a26f-b9640def9b20","createTime":"2026-04-20T17:03:52.051420Z","updateTime":"2026-04-20T17:03:52.051420Z","locationId":"nam5","type":"FIRESTORE_NATIVE","concurrencyMode":"PESSIMISTIC","versionRetentionPeriod":"3600s","earliestVersionTime":"2026-07-25T19:53:43.702191Z","appEngineIntegrationMode":"DISABLED","keyPrefix":"s","pointInTimeRecoveryEnablement":"POINT_IN_TIME_RECOVERY_DISABLED","deleteProtectionState":"DELETE_PROTECTION_DISABLED","databaseEdition":"STANDARD","freeTier":true,"realtimeUpdatesMode":"REALTIME_UPDATES_MODE_ENABLED","etag":"IIjymvra7pUDMJL/q831/JMD"}
[info] i  cloud.firestore: checking firestore.rules for compilation errors... 
[debug] [2026-07-25T20:53:43.711Z] Checked if tokens are valid: true, expires at: 1785016364969
[debug] [2026-07-25T20:53:43.711Z] Checked if tokens are valid: true, expires at: 1785016364969
[debug] [2026-07-25T20:53:43.712Z] >>> [apiv2][query] POST https://firebaserules.googleapis.com/v1/projects/jafferapp:test [none]
[debug] [2026-07-25T20:53:43.712Z] >>> [apiv2][body] POST https://firebaserules.googleapis.com/v1/projects/jafferapp:test [omitted]
[debug] [2026-07-25T20:53:44.732Z] <<< [apiv2][status] POST https://firebaserules.googleapis.com/v1/projects/jafferapp:test 200
[debug] [2026-07-25T20:53:44.732Z] <<< [apiv2][body] POST https://firebaserules.googleapis.com/v1/projects/jafferapp:test {"issues":[{"sourcePosition":{"fileName":"firestore.rules","line":16,"column":14,"currentOffset":356,"endOffset":369},"description":"Unused function: requestUserDoc.","severity":"WARNING"},{"sourcePosition":{"fileName":"firestore.rules","line":17,"column":14,"currentOffset":388,"endOffset":390},"description":"Invalid function name: get.","severity":"WARNING"},{"sourcePosition":{"fileName":"firestore.rules","line":17,"column":30,"currentOffset":404,"endOffset":410},"description":"Invalid variable name: request.","severity":"WARNING"},{"sourcePosition":{"fileName":"firestore.rules","line":73,"column":14,"currentOffset":2134,"endOffset":2156},"description":"Unused function: canStudentChangeBooking.","severity":"WARNING"},{"sourcePosition":{"fileName":"firestore.rules","line":75,"column":9,"currentOffset":2197,"endOffset":2204},"description":"Invalid variable name: resource.","severity":"WARNING"},{"sourcePosition":{"fileName":"firestore.rules","line":75,"column":37,"currentOffset":2225,"endOffset":2231},"description":"Invalid variable name: request.","severity":"WARNING"},{"sourcePosition":{"fileName":"firestore.rules","line":76,"column":9,"currentOffset":2253,"endOffset":2260},"description":"Invalid variable name: resource.","severity":"WARNING"},{"sourcePosition":{"fileName":"firestore.rules","line":76,"column":30,"currentOffset":2274,"endOffset":2280},"description":"Invalid variable name: request.","severity":"WARNING"}]}
[warn] !  [W] 16:14 - Unused function: requestUserDoc. 
[warn] !  [W] 17:14 - Invalid function name: get. 
[warn] !  [W] 17:30 - Invalid variable name: request. 
[warn] !  [W] 73:14 - Unused function: canStudentChangeBooking. 
[warn] !  [W] 75:9 - Invalid variable name: resource. 
[warn] !  [W] 75:37 - Invalid variable name: request. 
[warn] !  [W] 76:9 - Invalid variable name: resource. 
[warn] !  [W] 76:30 - Invalid variable name: request. 
[info] +  cloud.firestore: rules file firestore.rules compiled successfully 
[debug] [2026-07-25T20:53:44.735Z] Checked if tokens are valid: true, expires at: 1785016364969
[debug] [2026-07-25T20:53:44.735Z] Checked if tokens are valid: true, expires at: 1785016364969
[debug] [2026-07-25T20:53:44.735Z] >>> [apiv2][query] GET https://firebaserules.googleapis.com/v1/projects/jafferapp/releases pageSize=10&pageToken=
[debug] [2026-07-25T20:53:45.403Z] <<< [apiv2][status] GET https://firebaserules.googleapis.com/v1/projects/jafferapp/releases 200
[debug] [2026-07-25T20:53:45.403Z] <<< [apiv2][body] GET https://firebaserules.googleapis.com/v1/projects/jafferapp/releases {"releases":[{"name":"projects/jafferapp/releases/cloud.firestore","rulesetName":"projects/jafferapp/rulesets/7d7e95db-6e4e-4384-9fe0-b62252c09085","createTime":"2026-04-20T17:03:55.024691Z","updateTime":"2026-07-25T20:31:08.723255Z"}]}
[debug] [2026-07-25T20:53:45.403Z] Checked if tokens are valid: true, expires at: 1785016364969
[debug] [2026-07-25T20:53:45.404Z] Checked if tokens are valid: true, expires at: 1785016364969
[debug] [2026-07-25T20:53:45.404Z] >>> [apiv2][query] GET https://firebaserules.googleapis.com/v1/projects/jafferapp/rulesets/7d7e95db-6e4e-4384-9fe0-b62252c09085 [none]
[debug] [2026-07-25T20:53:46.079Z] <<< [apiv2][status] GET https://firebaserules.googleapis.com/v1/projects/jafferapp/rulesets/7d7e95db-6e4e-4384-9fe0-b62252c09085 200
[debug] [2026-07-25T20:53:46.079Z] <<< [apiv2][body] GET https://firebaserules.googleapis.com/v1/projects/jafferapp/rulesets/7d7e95db-6e4e-4384-9fe0-b62252c09085 [omitted]
[info] i  firestore: latest version of firestore.rules already up to date, skipping upload... 
[debug] [2026-07-25T20:53:46.081Z] [rules] releasing cloud.firestore with ruleset projects/jafferapp/rulesets/7d7e95db-6e4e-4384-9fe0-b62252c09085
[debug] [2026-07-25T20:53:46.081Z] Checked if tokens are valid: true, expires at: 1785016364969
[debug] [2026-07-25T20:53:46.082Z] Checked if tokens are valid: true, expires at: 1785016364969
[debug] [2026-07-25T20:53:46.082Z] >>> [apiv2][query] PATCH https://firebaserules.googleapis.com/v1/projects/jafferapp/releases/cloud.firestore [none]
[debug] [2026-07-25T20:53:46.082Z] >>> [apiv2][body] PATCH https://firebaserules.googleapis.com/v1/projects/jafferapp/releases/cloud.firestore {"release":{"name":"projects/jafferapp/releases/cloud.firestore","rulesetName":"projects/jafferapp/rulesets/7d7e95db-6e4e-4384-9fe0-b62252c09085"}}
[debug] [2026-07-25T20:53:46.969Z] <<< [apiv2][status] PATCH https://firebaserules.googleapis.com/v1/projects/jafferapp/releases/cloud.firestore 200
[debug] [2026-07-25T20:53:46.969Z] <<< [apiv2][body] PATCH https://firebaserules.googleapis.com/v1/projects/jafferapp/releases/cloud.firestore {"name":"projects/jafferapp/releases/cloud.firestore","rulesetName":"projects/jafferapp/rulesets/7d7e95db-6e4e-4384-9fe0-b62252c09085","createTime":"2026-04-20T17:03:55.024691Z","updateTime":"2026-07-25T20:53:46.944973Z"}
[debug] [2026-07-25T20:53:46.969Z] [rules] updated release projects/jafferapp/releases/cloud.firestore
[info] +  firestore: released rules firestore.rules to cloud.firestore 
[info] 
[info] +  Deploy complete! 
[info] 
[info] Project Console: https://console.firebase.google.com/project/jafferapp/overview
[debug] [2026-07-25T20:56:07.129Z] ----------------------------------------------------------------------
[debug] [2026-07-25T20:56:07.133Z] Command:       C:\Program Files\nodejs\node.exe F:\جعفر\jaffer\node_modules\firebase-tools\lib\bin\firebase.js deploy --only firestore:rules --project jafferapp --non-interactive
[debug] [2026-07-25T20:56:07.134Z] CLI Version:   15.24.0
[debug] [2026-07-25T20:56:07.134Z] Platform:      win32
[debug] [2026-07-25T20:56:07.134Z] Node Version:  v24.15.0
[debug] [2026-07-25T20:56:07.135Z] Detected Agent: codex_cli
[debug] [2026-07-25T20:56:07.135Z] Time:          Sat Jul 25 2026 23:56:07 GMT+0300 (Eastern European Summer Time)
[debug] [2026-07-25T20:56:07.135Z] ----------------------------------------------------------------------
[debug] 
[debug] [2026-07-25T20:56:08.703Z] > command requires scopes: ["email","openid","https://www.googleapis.com/auth/cloudplatformprojects.readonly","https://www.googleapis.com/auth/firebase","https://www.googleapis.com/auth/cloud-platform"]
[debug] [2026-07-25T20:56:08.703Z] > authorizing via signed-in user (farouqmurtaja96@gmail.com)
[debug] [2026-07-25T20:56:08.703Z] [iam] checking project jafferapp for permissions ["datastore.indexes.create","datastore.indexes.delete","datastore.indexes.list","datastore.indexes.update","firebase.projects.get"]
[debug] [2026-07-25T20:56:08.718Z] Checked if tokens are valid: true, expires at: 1785016364969
[debug] [2026-07-25T20:56:08.718Z] Checked if tokens are valid: true, expires at: 1785016364969
[debug] [2026-07-25T20:56:08.720Z] >>> [apiv2][query] POST https://cloudresourcemanager.googleapis.com/v1/projects/jafferapp:testIamPermissions [none]
[debug] [2026-07-25T20:56:08.720Z] >>> [apiv2][(partial)header] POST https://cloudresourcemanager.googleapis.com/v1/projects/jafferapp:testIamPermissions  x-goog-user-project=jafferapp
[debug] [2026-07-25T20:56:08.721Z] >>> [apiv2][body] POST https://cloudresourcemanager.googleapis.com/v1/projects/jafferapp:testIamPermissions {"permissions":["datastore.indexes.create","datastore.indexes.delete","datastore.indexes.list","datastore.indexes.update","firebase.projects.get"]}
[debug] [2026-07-25T20:56:09.559Z] <<< [apiv2][status] POST https://cloudresourcemanager.googleapis.com/v1/projects/jafferapp:testIamPermissions 200
[debug] [2026-07-25T20:56:09.560Z] <<< [apiv2][body] POST https://cloudresourcemanager.googleapis.com/v1/projects/jafferapp:testIamPermissions {"permissions":["datastore.indexes.create","datastore.indexes.delete","datastore.indexes.list","datastore.indexes.update","firebase.projects.get"]}
[info] 
[info] === Deploying to 'jafferapp'...
[info] 
[info] i  deploying firestore 
[info] i  firestore: ensuring required API firestore.googleapis.com is enabled... 
[info] i  firestore: ensuring required API firestore.googleapis.com is enabled... 
[debug] [2026-07-25T20:56:09.565Z] Checked if tokens are valid: true, expires at: 1785016364969
[debug] [2026-07-25T20:56:09.565Z] Checked if tokens are valid: true, expires at: 1785016364969
[debug] [2026-07-25T20:56:09.566Z] >>> [apiv2][query] GET https://firestore.googleapis.com/v1/projects/jafferapp/databases/(default) [none]
[debug] [2026-07-25T20:56:10.459Z] <<< [apiv2][status] GET https://firestore.googleapis.com/v1/projects/jafferapp/databases/(default) 200
[debug] [2026-07-25T20:56:10.459Z] <<< [apiv2][body] GET https://firestore.googleapis.com/v1/projects/jafferapp/databases/(default) {"name":"projects/jafferapp/databases/(default)","uid":"900b80f5-5e7e-4a8f-a26f-b9640def9b20","createTime":"2026-04-20T17:03:52.051420Z","updateTime":"2026-04-20T17:03:52.051420Z","locationId":"nam5","type":"FIRESTORE_NATIVE","concurrencyMode":"PESSIMISTIC","versionRetentionPeriod":"3600s","earliestVersionTime":"2026-07-25T19:56:10.451861Z","appEngineIntegrationMode":"DISABLED","keyPrefix":"s","pointInTimeRecoveryEnablement":"POINT_IN_TIME_RECOVERY_DISABLED","deleteProtectionState":"DELETE_PROTECTION_DISABLED","databaseEdition":"STANDARD","freeTier":true,"realtimeUpdatesMode":"REALTIME_UPDATES_MODE_ENABLED","etag":"IKLjl8Db7pUDMJL/q831/JMD"}
[info] i  cloud.firestore: checking firestore.rules for compilation errors... 
[debug] [2026-07-25T20:56:10.461Z] Checked if tokens are valid: true, expires at: 1785016364969
[debug] [2026-07-25T20:56:10.461Z] Checked if tokens are valid: true, expires at: 1785016364969
[debug] [2026-07-25T20:56:10.461Z] >>> [apiv2][query] POST https://firebaserules.googleapis.com/v1/projects/jafferapp:test [none]
[debug] [2026-07-25T20:56:10.461Z] >>> [apiv2][body] POST https://firebaserules.googleapis.com/v1/projects/jafferapp:test [omitted]
[debug] [2026-07-25T20:56:10.896Z] <<< [apiv2][status] POST https://firebaserules.googleapis.com/v1/projects/jafferapp:test 200
[debug] [2026-07-25T20:56:10.896Z] <<< [apiv2][body] POST https://firebaserules.googleapis.com/v1/projects/jafferapp:test {"issues":[{"sourcePosition":{"fileName":"firestore.rules","line":16,"column":14,"currentOffset":356,"endOffset":369},"description":"Unused function: requestUserDoc.","severity":"WARNING"},{"sourcePosition":{"fileName":"firestore.rules","line":17,"column":14,"currentOffset":388,"endOffset":390},"description":"Invalid function name: get.","severity":"WARNING"},{"sourcePosition":{"fileName":"firestore.rules","line":17,"column":30,"currentOffset":404,"endOffset":410},"description":"Invalid variable name: request.","severity":"WARNING"},{"sourcePosition":{"fileName":"firestore.rules","line":79,"column":14,"currentOffset":2340,"endOffset":2362},"description":"Unused function: canStudentChangeBooking.","severity":"WARNING"},{"sourcePosition":{"fileName":"firestore.rules","line":81,"column":9,"currentOffset":2403,"endOffset":2410},"description":"Invalid variable name: resource.","severity":"WARNING"},{"sourcePosition":{"fileName":"firestore.rules","line":81,"column":37,"currentOffset":2431,"endOffset":2437},"description":"Invalid variable name: request.","severity":"WARNING"},{"sourcePosition":{"fileName":"firestore.rules","line":82,"column":9,"currentOffset":2459,"endOffset":2466},"description":"Invalid variable name: resource.","severity":"WARNING"},{"sourcePosition":{"fileName":"firestore.rules","line":82,"column":30,"currentOffset":2480,"endOffset":2486},"description":"Invalid variable name: request.","severity":"WARNING"}]}
[warn] !  [W] 16:14 - Unused function: requestUserDoc. 
[warn] !  [W] 17:14 - Invalid function name: get. 
[warn] !  [W] 17:30 - Invalid variable name: request. 
[warn] !  [W] 79:14 - Unused function: canStudentChangeBooking. 
[warn] !  [W] 81:9 - Invalid variable name: resource. 
[warn] !  [W] 81:37 - Invalid variable name: request. 
[warn] !  [W] 82:9 - Invalid variable name: resource. 
[warn] !  [W] 82:30 - Invalid variable name: request. 
[info] +  cloud.firestore: rules file firestore.rules compiled successfully 
[debug] [2026-07-25T20:56:10.898Z] Checked if tokens are valid: true, expires at: 1785016364969
[debug] [2026-07-25T20:56:10.899Z] Checked if tokens are valid: true, expires at: 1785016364969
[debug] [2026-07-25T20:56:10.899Z] >>> [apiv2][query] GET https://firebaserules.googleapis.com/v1/projects/jafferapp/releases pageSize=10&pageToken=
[debug] [2026-07-25T20:56:11.564Z] <<< [apiv2][status] GET https://firebaserules.googleapis.com/v1/projects/jafferapp/releases 200
[debug] [2026-07-25T20:56:11.564Z] <<< [apiv2][body] GET https://firebaserules.googleapis.com/v1/projects/jafferapp/releases {"releases":[{"name":"projects/jafferapp/releases/cloud.firestore","rulesetName":"projects/jafferapp/rulesets/7d7e95db-6e4e-4384-9fe0-b62252c09085","createTime":"2026-04-20T17:03:55.024691Z","updateTime":"2026-07-25T20:53:46.944973Z"}]}
[debug] [2026-07-25T20:56:11.565Z] Checked if tokens are valid: true, expires at: 1785016364969
[debug] [2026-07-25T20:56:11.565Z] Checked if tokens are valid: true, expires at: 1785016364969
[debug] [2026-07-25T20:56:11.565Z] >>> [apiv2][query] GET https://firebaserules.googleapis.com/v1/projects/jafferapp/rulesets/7d7e95db-6e4e-4384-9fe0-b62252c09085 [none]
[debug] [2026-07-25T20:56:12.221Z] <<< [apiv2][status] GET https://firebaserules.googleapis.com/v1/projects/jafferapp/rulesets/7d7e95db-6e4e-4384-9fe0-b62252c09085 200
[debug] [2026-07-25T20:56:12.222Z] <<< [apiv2][body] GET https://firebaserules.googleapis.com/v1/projects/jafferapp/rulesets/7d7e95db-6e4e-4384-9fe0-b62252c09085 [omitted]
[info] i  firestore: uploading rules firestore.rules... 
[debug] [2026-07-25T20:56:12.223Z] Checked if tokens are valid: true, expires at: 1785016364969
[debug] [2026-07-25T20:56:12.224Z] Checked if tokens are valid: true, expires at: 1785016364969
[debug] [2026-07-25T20:56:12.224Z] >>> [apiv2][query] POST https://firebaserules.googleapis.com/v1/projects/jafferapp/rulesets [none]
[debug] [2026-07-25T20:56:12.224Z] >>> [apiv2][body] POST https://firebaserules.googleapis.com/v1/projects/jafferapp/rulesets [omitted]
[debug] [2026-07-25T20:56:12.771Z] <<< [apiv2][status] POST https://firebaserules.googleapis.com/v1/projects/jafferapp/rulesets 200
[debug] [2026-07-25T20:56:12.772Z] <<< [apiv2][body] POST https://firebaserules.googleapis.com/v1/projects/jafferapp/rulesets {"name":"projects/jafferapp/rulesets/37743ede-cc9a-4010-90b1-7dc2c39ad43e","source":{"files":[{"content":"rules_version = '2';\nservice cloud.firestore {\n  match /databases/{database}/documents {\n    function signedIn() {\n      return request.auth != null;\n    }\n\n    function ownsDoc(uid) {\n      return signedIn() && request.auth.uid == uid;\n    }\n\n    function userDocPath(uid) {\n      return /databases/$(database)/documents/users/$(uid);\n    }\n\n    function requestUserDoc() {\n      return get(userDocPath(request.auth.uid));\n    }\n\n    function isTeacher() {\n      return signedIn() &&\n        exists(userDocPath(request.auth.uid)) &&\n        get(userDocPath(request.auth.uid)).data.role == \"teacher\";\n    }\n\n    function hasUsedFreeTrial(uid) {\n      return exists(userDocPath(uid)) &&\n        get(userDocPath(uid)).data.keys().hasAny(['trialUsed']) &&\n        get(userDocPath(uid)).data.trialUsed == true;\n    }\n\n    function isValidEmail(email) {\n      return email is string &&\n        email.matches('^[a-zA-Z0-9._%+-]+@[a-zA-Z0-9.-]+\\\\.[a-zA-Z]{2,}$');\n    }\n\n    function isValidPhone(phone) {\n      return phone == \"\" ||\n        (phone is string && phone.matches('^[+]?[0-9]{8,15}$'));\n    }\n\n    function isTimestampNumber(value) {\n      return value is int || value is float;\n    }\n\n    function isNumber(value) {\n      return value is int || value is float;\n    }\n\n    function isShortString(value, maxLength) {\n      return value is string && value.size() <= maxLength;\n    }\n\n    function isSafeStatus(status) {\n      return status in [\"booked\", \"pending\", \"canceled\", \"rescheduled\", \"completed\"];\n    }\n\n    function isValidPayPalLink(link) {\n      return link == \"\" || (link is string && link.size() <= 500 && (\n        link.matches('^https://([a-zA-Z0-9-]+\\\\.)*paypal\\\\.com(/.*)?$') ||\n        link.matches('^https://([a-zA-Z0-9-]+\\\\.)*paypal\\\\.me(/.*)?$')\n      ));\n    }\n\n    function hasValidMeetingLink(data) {\n      return !data.keys().hasAny(['meetingUrl']) ||\n        data.meetingUrl == \"\" ||\n        (data.meetingUrl is string &&\n          data.meetingUrl.size() <= 500 &&\n          data.meetingUrl.matches('^https://meet\\\\.google\\\\.com/[a-zA-Z0-9_-]+([?].*)?$'));\n    }\n\n    function hasSafeCourseOffers(data) {\n      return !data.keys().hasAny(['courseOffers']) ||\n        !data.courseOffers.keys().hasAny(['paypalPaymentLink']) ||\n        isValidPayPalLink(data.courseOffers.paypalPaymentLink);\n    }\n\n    function canStudentChangeBooking() {\n      return signedIn() &&\n        resource.data.studentUid == request.auth.uid &&\n        resource.data.slot > request.time.toMillis() + 12 * 60 * 60 * 1000;\n    }\n\n    match /users/{uid} {\n      allow read: if ownsDoc(uid) || isTeacher();\n      allow create: if ownsDoc(uid) &&\n        request.resource.data.keys().hasOnly([\n          'email',\n          'name',\n          'phone',\n          'role',\n          'createdAt',\n          'updatedAt',\n          'createdBy'\n        ]) &&\n        request.resource.data.role == \"student\" &&\n        isValidEmail(request.resource.data.email) &&\n        isValidPhone(request.resource.data.phone) &&\n        request.resource.data.name is string &&\n        request.resource.data.name.size() > 1;\n      allow update: if (ownsDoc(uid) &&\n        resource.data.role == \"student\" &&\n        request.resource.data.diff(resource.data).affectedKeys().hasOnly([\n          'email',\n          'name',\n          'phone',\n          'hasSubmittedReview',\n          'trialUsed',\n          'trialUsedAt',\n          'courseAccessRequested',\n          'courseAccessRequestedAt',\n          'requestedPackage',\n          'requestedAmount',\n          'requestedLessons',\n          'paymentStatus',\n          'paymentNote',\n          'reviewRequested',\n          'reviewSubmittedAt',\n          'updatedAt'\n        ]) &&\n        (\n          !request.resource.data.diff(resource.data).affectedKeys().hasAny(['reviewRequested']) ||\n          request.resource.data.reviewRequested == false\n        ) &&\n        (\n          !request.resource.data.diff(resource.data).affectedKeys().hasAny(['hasSubmittedReview']) ||\n          request.resource.data.hasSubmittedReview == true\n        ) &&\n        (\n          !request.resource.data.diff(resource.data).affectedKeys().hasAny(['trialUsed']) ||\n          request.resource.data.trialUsed == true\n        )) || (isTeacher() &&\n        resource.data.role == \"student\" &&\n        request.resource.data.diff(resource.data).affectedKeys().hasOnly([\n          'balance',\n          'lessonPrice',\n          'courseAccess',\n          'courseAccessRequested',\n          'accessType',\n          'accessProduct',\n          'paymentStatus',\n          'paymentNote',\n          'allowOverdraft',\n          'transactions',\n          'requestedPackage',\n          'requestedAmount',\n          'requestedLessons',\n          'reviewRequested',\n          'reviewRequestedAt',\n          'trialUsed',\n          'trialUsedAt',\n          'courseAccessUpdatedAt',\n          'financeUpdatedAt',\n          'updatedAt'\n        ]));\n      allow delete: if resource.data.role == \"student\" &&\n        (ownsDoc(uid) || isTeacher());\n    }\n\n    match /teacherProfile/{docId} {\n      allow read: if true;\n      allow create, update, delete: if isTeacher();\n    }\n\n    match /reviews/{docId} {\n      allow read, get, list: if true;\n      allow create: if isTeacher() || (\n        signedIn() &&\n        docId == request.auth.uid &&\n        request.resource.data.studentUid == request.auth.uid &&\n        request.resource.data.id == request.auth.uid &&\n        request.resource.data.keys().hasOnly([\n          'id',\n          'name',\n          'country',\n          'rating',\n          'tag',\n          'date',\n          'text',\n          'avatar',\n          'source',\n          'studentUid',\n          'createdAt'\n        ]) &&\n        request.resource.data.name is string &&\n        request.resource.data.name.size() > 0 &&\n        isNumber(request.resource.data.rating) &&\n        request.resource.data.rating >= 1 &&\n        request.resource.data.rating <= 5 &&\n        request.resource.data.text is string &&\n        request.resource.data.text.size() > 0 &&\n        request.resource.data.text.size() <= 2000\n      );\n      allow update, delete: if isTeacher();\n    }\n\n    match /lessonFeedback/{bookingId} {\n      allow get: if isTeacher() || (\n        signedIn() &&\n        get(/databases/$(database)/documents/bookings/$(bookingId)).data.studentUid == request.auth.uid\n      );\n      allow list: if isTeacher();\n      allow create: if signedIn() &&\n        !exists(/databases/$(database)/documents/lessonFeedback/$(bookingId)) &&\n        exists(/databases/$(database)/documents/bookings/$(bookingId)) &&\n        get(/databases/$(database)/documents/bookings/$(bookingId)).data.studentUid == request.auth.uid &&\n        get(/databases/$(database)/documents/bookings/$(bookingId)).data.status != \"canceled\" &&\n        get(/databases/$(database)/documents/bookings/$(bookingId)).data.slot +\n          get(/databases/$(database)/documents/bookings/$(bookingId)).data.durationMinutes * 60 * 1000 <= request.time.toMillis() &&\n        request.resource.data.keys().hasOnly([\n          'bookingId',\n          'studentUid',\n          'lessonSlot',\n          'lessonDurationMinutes',\n          'ratings',\n          'overall',\n          'comment',\n          'createdAt'\n        ]) &&\n        request.resource.data.bookingId == bookingId &&\n        request.resource.data.studentUid == request.auth.uid &&\n        request.resource.data.lessonSlot == get(/databases/$(database)/documents/bookings/$(bookingId)).data.slot &&\n        request.resource.data.lessonDurationMinutes == get(/databases/$(database)/documents/bookings/$(bookingId)).data.durationMinutes &&\n        request.resource.data.ratings.keys().hasOnly([\n          'preparation',\n          'clarity',\n          'reassurance',\n          'progress'\n        ]) &&\n        request.resource.data.ratings.preparation >= 1 &&\n        request.resource.data.ratings.preparation <= 5 &&\n        request.resource.data.ratings.clarity >= 1 &&\n        request.resource.data.ratings.clarity <= 5 &&\n        request.resource.data.ratings.reassurance >= 1 &&\n        request.resource.data.ratings.reassurance <= 5 &&\n        request.resource.data.ratings.progress >= 1 &&\n        request.resource.data.ratings.progress <= 5 &&\n        isNumber(request.resource.data.overall) &&\n        request.resource.data.overall >= 1 &&\n        request.resource.data.overall <= 5 &&\n        isShortString(request.resource.data.comment, 500) &&\n        isTimestampNumber(request.resource.data.createdAt);\n      allow update, delete: if false;\n    }\n\n    match /lessonFeedbackSummary/{docId} {\n      allow read: if true;\n      allow create, update: if isTeacher() &&\n        request.resource.data.keys().hasOnly([\n          'count',\n          'studentCount',\n          'lessonCount',\n          'baselineStudentCount',\n          'averages',\n          'updatedAt'\n        ]) &&\n        request.resource.data.count is int &&\n        request.resource.data.count >= 0 &&\n        request.resource.data.studentCount is int &&\n        request.resource.data.studentCount >= 0 &&\n        request.resource.data.lessonCount is int &&\n        request.resource.data.lessonCount >= 0 &&\n        request.resource.data.baselineStudentCount is int &&\n        request.resource.data.baselineStudentCount >= 0 &&\n        request.resource.data.averages.keys().hasOnly([\n          'preparation',\n          'clarity',\n          'patience',\n          'reassurance',\n          'progress'\n        ]) &&\n        isTimestampNumber(request.resource.data.updatedAt);\n      allow delete: if false;\n    }\n\n    match /teachers/{uid} {\n      allow read: if ownsDoc(uid) || isTeacher();\n\n      allow create: if ownsDoc(uid) && isTeacher();\n\n      allow update: if ownsDoc(uid) &&\n        isTeacher() &&\n        request.resource.data.diff(resource.data).affectedKeys().hasOnly([\n          'email',\n          'name',\n          'googleCalendar',\n          'preplyCalendarId',\n          'appsScript',\n          'bookingSettings',\n          'contactSettings',\n          'calendarStatistics',\n          'revenueTotal',\n          'revenueUpdatedAt',\n          'updatedAt',\n          'createdAt'\n        ]);\n\n      allow delete: if false;\n    }\n\n    match /bookingSettings/{docId} {\n      allow read: if true;\n\n      allow create, update: if isTeacher() &&\n        hasSafeCourseOffers(request.resource.data) &&\n        request.resource.data.keys().hasOnly([\n          'timezone',\n          'slotMinutes',\n          'breakMinutes',\n          'totalSlotMinutes',\n          'days',\n          'exceptions',\n          'courseOffers',\n          'appsScript',\n          'whatsapp',\n          'contactEmail',\n          'classroomMeetingUrl',\n          'sitePrice',\n          'updatedAt'\n        ]);\n\n      allow delete: if false;\n    }\n\n    match /publicBookings/{docId} {\n      allow read: if true;\n\n      allow create: if signedIn() &&\n        request.resource.data.keys().hasOnly([\n          'slot',\n          'durationMinutes',\n          'status',\n          'createdAt',\n          'updatedAt',\n          'calendarSynced',\n          'source'\n        ]) &&\n        isTimestampNumber(request.resource.data.slot) &&\n        isNumber(request.resource.data.durationMinutes) &&\n        request.resource.data.durationMinutes >= 15 &&\n        request.resource.data.durationMinutes <= 240 &&\n        (\n          (\n            request.resource.data.source == \"student\" &&\n            request.resource.data.slot >= request.time.toMillis() + 6 * 60 * 60 * 1000 &&\n            getAfter(/databases/$(database)/documents/bookings/$(docId)).data.studentUid == request.auth.uid\n          ) ||\n          (\n            request.resource.data.source == \"teacher\" &&\n            request.resource.data.slot > request.time.toMillis() &&\n            isTeacher()\n          )\n        ) &&\n        request.resource.data.status == \"booked\";\n\n      allow update: if (\n        isTeacher() &&\n          request.resource.data.diff(resource.data).affectedKeys().hasOnly([\n            'slot',\n            'durationMinutes',\n            'status',\n            'updatedAt',\n            'calendarSynced',\n            'rescheduledFrom',\n            'rescheduledAt',\n            'emailHash',\n            'studentUid'\n          ]) &&\n          (\n            !request.resource.data.diff(resource.data).affectedKeys().hasAny(['canceledBy']) ||\n            request.resource.data.canceledBy == \"teacher\"\n          ) &&\n          isSafeStatus(request.resource.data.status)\n      ) || (\n        signedIn() &&\n          get(/databases/$(database)/documents/bookings/$(docId)).data.studentUid == request.auth.uid &&\n          resource.data.status == \"booked\" &&\n          request.resource.data.status == resource.data.status &&\n          request.resource.data.diff(resource.data).affectedKeys().hasOnly([\n            'updatedAt',\n            'calendarSynced'\n          ])\n      ) || (\n        signedIn() &&\n          get(/databases/$(database)/documents/bookings/$(docId)).data.studentUid == request.auth.uid &&\n          request.resource.data.diff(resource.data).affectedKeys().hasOnly([\n            'slot',\n            'status',\n            'updatedAt',\n            'calendarSynced',\n            'rescheduledFrom',\n            'rescheduledAt'\n          ]) &&\n          (\n            !request.resource.data.diff(resource.data).affectedKeys().hasAny(['canceledBy']) ||\n            request.resource.data.canceledBy == \"student\"\n          ) &&\n          (\n            request.resource.data.status == \"canceled\" ||\n            (\n              request.resource.data.status == \"rescheduled\" &&\n              resource.data.slot > request.time.toMillis() + 12 * 60 * 60 * 1000 &&\n              request.resource.data.slot > request.time.toMillis()\n            )\n          ) &&\n          (\n            request.resource.data.status != \"canceled\" ||\n            request.resource.data.slot == resource.data.slot\n          ) &&\n          isSafeStatus(request.resource.data.status)\n      );\n\n      allow delete: if isTeacher();\n    }\n\n    match /trialClaims/{uid} {\n      allow get: if ownsDoc(uid) || isTeacher();\n      allow list: if isTeacher();\n      allow create: if ownsDoc(uid) &&\n        request.resource.data.keys().hasOnly([\n          'studentUid',\n          'bookingId',\n          'createdAt'\n        ]) &&\n        request.resource.data.studentUid == request.auth.uid &&\n        isShortString(request.resource.data.bookingId, 150) &&\n        isTimestampNumber(request.resource.data.createdAt);\n      allow update: if false;\n      allow delete: if isTeacher();\n    }\n\n    match /bookings/{docId} {\n      allow create: if request.resource.data.keys().hasOnly([\n          'slot',\n          'durationMinutes',\n          'name',\n          'email',\n          'phone',\n          'notes',\n          'status',\n          'createdAt',\n          'updatedAt',\n          'calendarSynced',\n          'googleCalendarEventId',\n          'meetingUrl',\n          'source',\n          'reason',\n          'reasonLabels',\n          'level',\n          'lessonsPerMonth',\n          'studentTimeZone',\n          'studentLocale',\n          'countryHint',\n          'studentUid',\n          'timezone',\n          'isFreeTrial',\n          'lessonPrice',\n          'history'\n        ]) &&\n        signedIn() &&\n        (\n          (\n            request.resource.data.source == \"student\" &&\n            request.resource.data.slot >= request.time.toMillis() + 6 * 60 * 60 * 1000 &&\n            request.resource.data.studentUid == request.auth.uid &&\n            request.resource.data.email == request.auth.token.email\n          ) ||\n          (\n            request.resource.data.source == \"teacher\" &&\n            request.resource.data.slot > request.time.toMillis() &&\n            isTeacher()\n          )\n        ) &&\n        request.resource.data.name is string &&\n        request.resource.data.name.size() > 0 &&\n        request.resource.data.name.size() <= 120 &&\n        isValidEmail(request.resource.data.email) &&\n        isValidPhone(request.resource.data.phone) &&\n        isShortString(request.resource.data.notes, 4000) &&\n        isTimestampNumber(request.resource.data.slot) &&\n        isNumber(request.resource.data.durationMinutes) &&\n        request.resource.data.durationMinutes >= 15 &&\n        request.resource.data.durationMinutes <= 240 &&\n        request.resource.data.slot < request.time.toMillis() + 366 * 24 * 60 * 60 * 1000 &&\n        request.resource.data.isFreeTrial is bool &&\n        isNumber(request.resource.data.lessonPrice) &&\n        request.resource.data.lessonPrice >= 0 &&\n        request.resource.data.lessonPrice <= 10000 &&\n        (request.resource.data.isFreeTrial == true || request.resource.data.lessonPrice > 0) &&\n        (\n          request.resource.data.isFreeTrial == false ||\n          (\n            !hasUsedFreeTrial(request.auth.uid) &&\n            getAfter(/databases/$(database)/documents/trialClaims/$(request.auth.uid)).data.bookingId == docId\n          )\n        ) &&\n        request.resource.data.history is list &&\n        request.resource.data.history.size() <= 20 &&\n        hasValidMeetingLink(request.resource.data) &&\n        request.resource.data.status == \"booked\" &&\n        (\n          request.resource.data.source == \"student\" ||\n          (request.resource.data.source == \"teacher\" && isTeacher())\n        );\n\n       allow read: if isTeacher() ||\n        (signedIn() && (resource.data.studentUid == request.auth.uid || resource.data.email == request.auth.token.email));\n\n      allow update: if (\n        isTeacher() &&\n          request.resource.data.diff(resource.data).affectedKeys().hasOnly([\n            'slot',\n            'durationMinutes',\n            'notes',\n            'status',\n            'updatedAt',\n            'calendarSynced',\n            'calendarDeletePending',\n            'googleCalendarEventId',\n            'meetingUrl',\n            'studentNotice',\n            'studentNoticeAt',\n            'history',\n            'canceledAt',\n            'canceledBy',\n            'rescheduledFrom',\n            'rescheduledAt',\n            'balanceChargedAt',\n            'chargedAmount',\n            'chargeReason',\n            'classroomNotes',\n            'boardDataUrl',\n            'boardUpdatedAt',\n            'completedAt'\n          ]) &&\n          (\n            !request.resource.data.diff(resource.data).affectedKeys().hasAny(['canceledBy']) ||\n            request.resource.data.canceledBy == \"teacher\"\n          ) &&\n          hasValidMeetingLink(request.resource.data) &&\n          isSafeStatus(request.resource.data.status)\n      ) || (\n        signedIn() &&\n          (resource.data.studentUid == request.auth.uid || resource.data.email == request.auth.token.email) &&\n          request.resource.data.studentUid == resource.data.studentUid &&\n          resource.data.status == \"booked\" &&\n          request.resource.data.status == resource.data.status &&\n          request.resource.data.diff(resource.data).affectedKeys().hasOnly([\n            'updatedAt',\n            'calendarSynced',\n            'googleCalendarEventId',\n            'meetingUrl',\n            'history'\n          ]) &&\n          hasValidMeetingLink(request.resource.data) &&\n          request.resource.data.history is list &&\n          request.resource.data.history.size() <= 20\n      ) || (\n        signedIn() &&\n          (resource.data.studentUid == request.auth.uid || resource.data.email == request.auth.token.email) &&\n          (resource.data.studentUid == null || request.resource.data.studentUid == resource.data.studentUid) &&\n          request.resource.data.diff(resource.data).affectedKeys().hasOnly([\n            'slot',\n            'status',\n            'updatedAt',\n            'calendarSynced',\n            'calendarDeletePending',\n            'googleCalendarEventId',\n            'meetingUrl',\n            'history',\n            'canceledAt',\n            'canceledBy',\n            'rescheduledFrom',\n            'rescheduledAt'\n          ]) &&\n          (\n            !request.resource.data.diff(resource.data).affectedKeys().hasAny(['canceledBy']) ||\n            request.resource.data.canceledBy == \"student\"\n          ) &&\n          (\n            request.resource.data.status == \"canceled\" ||\n            (\n              request.resource.data.status == \"rescheduled\" &&\n              resource.data.slot > request.time.toMillis() + 12 * 60 * 60 * 1000 &&\n              request.resource.data.slot > request.time.toMillis()\n            )\n          ) &&\n          (\n            request.resource.data.status != \"canceled\" ||\n            request.resource.data.slot == resource.data.slot\n          ) &&\n          hasValidMeetingLink(request.resource.data) &&\n          isSafeStatus(request.resource.data.status)\n      );\n\n      allow delete: if isTeacher();\n    }\n\n    match /errorLogs/{docId} {\n      allow create: if signedIn() &&\n        request.resource.data.keys().hasOnly([\n          'timestamp',\n          'error',\n          'context',\n          'stack',\n          'userAgent',\n          'uid',\n          'email'\n        ]) &&\n        request.resource.data.error is string &&\n        request.resource.data.error.size() <= 1000 &&\n        request.resource.data.context is string &&\n        request.resource.data.context.size() <= 200 &&\n        (!request.resource.data.keys().hasAny(['stack']) ||\n          request.resource.data.stack is string &&\n          request.resource.data.stack.size() <= 4000) &&\n        (!request.resource.data.keys().hasAny(['uid']) ||\n          request.resource.data.uid == request.auth.uid) &&\n        (!request.resource.data.keys().hasAny(['email']) ||\n          request.resource.data.email == request.auth.token.email);\n      allow read, update, delete: if isTeacher();\n    }\n  }\n}\n","name":"firestore.rules"}]},"createTime":"2026-07-25T20:56:12.748031Z","metadata":{"services":["cloud.firestore"]}}
[debug] [2026-07-25T20:56:12.772Z] [rules] created ruleset projects/jafferapp/rulesets/37743ede-cc9a-4010-90b1-7dc2c39ad43e
[debug] [2026-07-25T20:56:12.773Z] [rules] releasing cloud.firestore with ruleset projects/jafferapp/rulesets/37743ede-cc9a-4010-90b1-7dc2c39ad43e
[debug] [2026-07-25T20:56:12.773Z] Checked if tokens are valid: true, expires at: 1785016364969
[debug] [2026-07-25T20:56:12.773Z] Checked if tokens are valid: true, expires at: 1785016364969
[debug] [2026-07-25T20:56:12.773Z] >>> [apiv2][query] PATCH https://firebaserules.googleapis.com/v1/projects/jafferapp/releases/cloud.firestore [none]
[debug] [2026-07-25T20:56:12.774Z] >>> [apiv2][body] PATCH https://firebaserules.googleapis.com/v1/projects/jafferapp/releases/cloud.firestore {"release":{"name":"projects/jafferapp/releases/cloud.firestore","rulesetName":"projects/jafferapp/rulesets/37743ede-cc9a-4010-90b1-7dc2c39ad43e"}}
[debug] [2026-07-25T20:56:13.284Z] <<< [apiv2][status] PATCH https://firebaserules.googleapis.com/v1/projects/jafferapp/releases/cloud.firestore 200
[debug] [2026-07-25T20:56:13.284Z] <<< [apiv2][body] PATCH https://firebaserules.googleapis.com/v1/projects/jafferapp/releases/cloud.firestore {"name":"projects/jafferapp/releases/cloud.firestore","rulesetName":"projects/jafferapp/rulesets/37743ede-cc9a-4010-90b1-7dc2c39ad43e","createTime":"2026-04-20T17:03:55.024691Z","updateTime":"2026-07-25T20:56:13.264329Z"}
[debug] [2026-07-25T20:56:13.284Z] [rules] updated release projects/jafferapp/releases/cloud.firestore
[info] +  firestore: released rules firestore.rules to cloud.firestore 
[info] 
[info] +  Deploy complete! 
[info] 
[info] Project Console: https://console.firebase.google.com/project/jafferapp/overview
[debug] [2026-07-25T21:36:26.606Z] ----------------------------------------------------------------------
[debug] [2026-07-25T21:36:26.610Z] Command:       C:\Program Files\nodejs\node.exe F:\جعفر\jaffer\node_modules\firebase-tools\lib\bin\firebase.js deploy --only firestore:rules --project jafferapp
[debug] [2026-07-25T21:36:26.611Z] CLI Version:   15.24.0
[debug] [2026-07-25T21:36:26.611Z] Platform:      win32
[debug] [2026-07-25T21:36:26.611Z] Node Version:  v24.15.0
[debug] [2026-07-25T21:36:26.612Z] Detected Agent: codex_cli
[debug] [2026-07-25T21:36:26.612Z] Time:          Sun Jul 26 2026 00:36:26 GMT+0300 (Eastern European Summer Time)
[debug] [2026-07-25T21:36:26.612Z] ----------------------------------------------------------------------
[debug] 
[debug] [2026-07-25T21:36:28.335Z] > command requires scopes: ["email","openid","https://www.googleapis.com/auth/cloudplatformprojects.readonly","https://www.googleapis.com/auth/firebase","https://www.googleapis.com/auth/cloud-platform"]
[debug] [2026-07-25T21:36:28.335Z] > authorizing via signed-in user (farouqmurtaja96@gmail.com)
[debug] [2026-07-25T21:36:28.336Z] [iam] checking project jafferapp for permissions ["datastore.indexes.create","datastore.indexes.delete","datastore.indexes.list","datastore.indexes.update","firebase.projects.get"]
[debug] [2026-07-25T21:36:28.352Z] Checked if tokens are valid: true, expires at: 1785016364969
[debug] [2026-07-25T21:36:28.353Z] Checked if tokens are valid: true, expires at: 1785016364969
[debug] [2026-07-25T21:36:28.354Z] >>> [apiv2][query] POST https://cloudresourcemanager.googleapis.com/v1/projects/jafferapp:testIamPermissions [none]
[debug] [2026-07-25T21:36:28.355Z] >>> [apiv2][(partial)header] POST https://cloudresourcemanager.googleapis.com/v1/projects/jafferapp:testIamPermissions  x-goog-user-project=jafferapp
[debug] [2026-07-25T21:36:28.355Z] >>> [apiv2][body] POST https://cloudresourcemanager.googleapis.com/v1/projects/jafferapp:testIamPermissions {"permissions":["datastore.indexes.create","datastore.indexes.delete","datastore.indexes.list","datastore.indexes.update","firebase.projects.get"]}
[debug] [2026-07-25T21:36:29.180Z] <<< [apiv2][status] POST https://cloudresourcemanager.googleapis.com/v1/projects/jafferapp:testIamPermissions 200
[debug] [2026-07-25T21:36:29.180Z] <<< [apiv2][body] POST https://cloudresourcemanager.googleapis.com/v1/projects/jafferapp:testIamPermissions {"permissions":["datastore.indexes.create","datastore.indexes.delete","datastore.indexes.list","datastore.indexes.update","firebase.projects.get"]}
[info] 
[info] === Deploying to 'jafferapp'...
[info] 
[info] i  deploying firestore 
[info] i  firestore: ensuring required API firestore.googleapis.com is enabled... 
[info] i  firestore: ensuring required API firestore.googleapis.com is enabled... 
[debug] [2026-07-25T21:36:29.186Z] Checked if tokens are valid: true, expires at: 1785016364969
[debug] [2026-07-25T21:36:29.186Z] Checked if tokens are valid: true, expires at: 1785016364969
[debug] [2026-07-25T21:36:29.186Z] >>> [apiv2][query] GET https://firestore.googleapis.com/v1/projects/jafferapp/databases/(default) [none]
[debug] [2026-07-25T21:36:30.052Z] <<< [apiv2][status] GET https://firestore.googleapis.com/v1/projects/jafferapp/databases/(default) 200
[debug] [2026-07-25T21:36:30.052Z] <<< [apiv2][body] GET https://firestore.googleapis.com/v1/projects/jafferapp/databases/(default) {"name":"projects/jafferapp/databases/(default)","uid":"900b80f5-5e7e-4a8f-a26f-b9640def9b20","createTime":"2026-04-20T17:03:52.051420Z","updateTime":"2026-04-20T17:03:52.051420Z","locationId":"nam5","type":"FIRESTORE_NATIVE","concurrencyMode":"PESSIMISTIC","versionRetentionPeriod":"3600s","earliestVersionTime":"2026-07-25T20:36:30.084756Z","appEngineIntegrationMode":"DISABLED","keyPrefix":"s","pointInTimeRecoveryEnablement":"POINT_IN_TIME_RECOVERY_DISABLED","deleteProtectionState":"DELETE_PROTECTION_DISABLED","databaseEdition":"STANDARD","freeTier":true,"realtimeUpdatesMode":"REALTIME_UPDATES_MODE_ENABLED","etag":"IJ+4+sHk7pUDMJL/q831/JMD"}
[info] i  cloud.firestore: checking firestore.rules for compilation errors... 
[debug] [2026-07-25T21:36:30.054Z] Checked if tokens are valid: true, expires at: 1785016364969
[debug] [2026-07-25T21:36:30.054Z] Checked if tokens are valid: true, expires at: 1785016364969
[debug] [2026-07-25T21:36:30.054Z] >>> [apiv2][query] POST https://firebaserules.googleapis.com/v1/projects/jafferapp:test [none]
[debug] [2026-07-25T21:36:30.054Z] >>> [apiv2][body] POST https://firebaserules.googleapis.com/v1/projects/jafferapp:test [omitted]
[debug] [2026-07-25T21:36:30.585Z] <<< [apiv2][status] POST https://firebaserules.googleapis.com/v1/projects/jafferapp:test 200
[debug] [2026-07-25T21:36:30.586Z] <<< [apiv2][body] POST https://firebaserules.googleapis.com/v1/projects/jafferapp:test {"issues":[{"sourcePosition":{"fileName":"firestore.rules","line":16,"column":14,"currentOffset":356,"endOffset":369},"description":"Unused function: requestUserDoc.","severity":"WARNING"},{"sourcePosition":{"fileName":"firestore.rules","line":17,"column":14,"currentOffset":388,"endOffset":390},"description":"Invalid function name: get.","severity":"WARNING"},{"sourcePosition":{"fileName":"firestore.rules","line":17,"column":30,"currentOffset":404,"endOffset":410},"description":"Invalid variable name: request.","severity":"WARNING"},{"sourcePosition":{"fileName":"firestore.rules","line":79,"column":14,"currentOffset":2340,"endOffset":2362},"description":"Unused function: canStudentChangeBooking.","severity":"WARNING"},{"sourcePosition":{"fileName":"firestore.rules","line":81,"column":9,"currentOffset":2403,"endOffset":2410},"description":"Invalid variable name: resource.","severity":"WARNING"},{"sourcePosition":{"fileName":"firestore.rules","line":81,"column":37,"currentOffset":2431,"endOffset":2437},"description":"Invalid variable name: request.","severity":"WARNING"},{"sourcePosition":{"fileName":"firestore.rules","line":82,"column":9,"currentOffset":2459,"endOffset":2466},"description":"Invalid variable name: resource.","severity":"WARNING"},{"sourcePosition":{"fileName":"firestore.rules","line":82,"column":30,"currentOffset":2480,"endOffset":2486},"description":"Invalid variable name: request.","severity":"WARNING"}]}
[warn] !  [W] 16:14 - Unused function: requestUserDoc. 
[warn] !  [W] 17:14 - Invalid function name: get. 
[warn] !  [W] 17:30 - Invalid variable name: request. 
[warn] !  [W] 79:14 - Unused function: canStudentChangeBooking. 
[warn] !  [W] 81:9 - Invalid variable name: resource. 
[warn] !  [W] 81:37 - Invalid variable name: request. 
[warn] !  [W] 82:9 - Invalid variable name: resource. 
[warn] !  [W] 82:30 - Invalid variable name: request. 
[info] +  cloud.firestore: rules file firestore.rules compiled successfully 
[debug] [2026-07-25T21:36:30.589Z] Checked if tokens are valid: true, expires at: 1785016364969
[debug] [2026-07-25T21:36:30.589Z] Checked if tokens are valid: true, expires at: 1785016364969
[debug] [2026-07-25T21:36:30.589Z] >>> [apiv2][query] GET https://firebaserules.googleapis.com/v1/projects/jafferapp/releases pageSize=10&pageToken=
[debug] [2026-07-25T21:36:31.251Z] <<< [apiv2][status] GET https://firebaserules.googleapis.com/v1/projects/jafferapp/releases 200
[debug] [2026-07-25T21:36:31.251Z] <<< [apiv2][body] GET https://firebaserules.googleapis.com/v1/projects/jafferapp/releases {"releases":[{"name":"projects/jafferapp/releases/cloud.firestore","rulesetName":"projects/jafferapp/rulesets/37743ede-cc9a-4010-90b1-7dc2c39ad43e","createTime":"2026-04-20T17:03:55.024691Z","updateTime":"2026-07-25T20:56:13.264329Z"}]}
[debug] [2026-07-25T21:36:31.251Z] Checked if tokens are valid: true, expires at: 1785016364969
[debug] [2026-07-25T21:36:31.252Z] Checked if tokens are valid: true, expires at: 1785016364969
[debug] [2026-07-25T21:36:31.252Z] >>> [apiv2][query] GET https://firebaserules.googleapis.com/v1/projects/jafferapp/rulesets/37743ede-cc9a-4010-90b1-7dc2c39ad43e [none]
[debug] [2026-07-25T21:36:31.465Z] <<< [apiv2][status] GET https://firebaserules.googleapis.com/v1/projects/jafferapp/rulesets/37743ede-cc9a-4010-90b1-7dc2c39ad43e 200
[debug] [2026-07-25T21:36:31.466Z] <<< [apiv2][body] GET https://firebaserules.googleapis.com/v1/projects/jafferapp/rulesets/37743ede-cc9a-4010-90b1-7dc2c39ad43e [omitted]
[info] i  firestore: uploading rules firestore.rules... 
[debug] [2026-07-25T21:36:31.468Z] Checked if tokens are valid: true, expires at: 1785016364969
[debug] [2026-07-25T21:36:31.468Z] Checked if tokens are valid: true, expires at: 1785016364969
[debug] [2026-07-25T21:36:31.468Z] >>> [apiv2][query] POST https://firebaserules.googleapis.com/v1/projects/jafferapp/rulesets [none]
[debug] [2026-07-25T21:36:31.468Z] >>> [apiv2][body] POST https://firebaserules.googleapis.com/v1/projects/jafferapp/rulesets [omitted]
[debug] [2026-07-25T21:36:31.934Z] <<< [apiv2][status] POST https://firebaserules.googleapis.com/v1/projects/jafferapp/rulesets 200
[debug] [2026-07-25T21:36:31.934Z] <<< [apiv2][body] POST https://firebaserules.googleapis.com/v1/projects/jafferapp/rulesets {"name":"projects/jafferapp/rulesets/fb8ec18d-cd97-447d-b1e6-98bea788b372","source":{"files":[{"content":"rules_version = '2';\nservice cloud.firestore {\n  match /databases/{database}/documents {\n    function signedIn() {\n      return request.auth != null;\n    }\n\n    function ownsDoc(uid) {\n      return signedIn() && request.auth.uid == uid;\n    }\n\n    function userDocPath(uid) {\n      return /databases/$(database)/documents/users/$(uid);\n    }\n\n    function requestUserDoc() {\n      return get(userDocPath(request.auth.uid));\n    }\n\n    function isTeacher() {\n      return signedIn() &&\n        exists(userDocPath(request.auth.uid)) &&\n        get(userDocPath(request.auth.uid)).data.role == \"teacher\";\n    }\n\n    function hasUsedFreeTrial(uid) {\n      return exists(userDocPath(uid)) &&\n        get(userDocPath(uid)).data.keys().hasAny(['trialUsed']) &&\n        get(userDocPath(uid)).data.trialUsed == true;\n    }\n\n    function isValidEmail(email) {\n      return email is string &&\n        email.matches('^[a-zA-Z0-9._%+-]+@[a-zA-Z0-9.-]+\\\\.[a-zA-Z]{2,}$');\n    }\n\n    function isValidPhone(phone) {\n      return phone == \"\" ||\n        (phone is string && phone.matches('^[+]?[0-9]{8,15}$'));\n    }\n\n    function isTimestampNumber(value) {\n      return value is int || value is float;\n    }\n\n    function isNumber(value) {\n      return value is int || value is float;\n    }\n\n    function isShortString(value, maxLength) {\n      return value is string && value.size() <= maxLength;\n    }\n\n    function isSafeStatus(status) {\n      return status in [\"booked\", \"pending\", \"canceled\", \"rescheduled\", \"completed\"];\n    }\n\n    function isValidPayPalLink(link) {\n      return link == \"\" || (link is string && link.size() <= 500 && (\n        link.matches('^https://([a-zA-Z0-9-]+\\\\.)*paypal\\\\.com(/.*)?$') ||\n        link.matches('^https://([a-zA-Z0-9-]+\\\\.)*paypal\\\\.me(/.*)?$')\n      ));\n    }\n\n    function hasValidMeetingLink(data) {\n      return !data.keys().hasAny(['meetingUrl']) ||\n        data.meetingUrl == \"\" ||\n        (data.meetingUrl is string &&\n          data.meetingUrl.size() <= 500 &&\n          data.meetingUrl.matches('^https://meet\\\\.google\\\\.com/[a-zA-Z0-9_-]+([?].*)?$'));\n    }\n\n    function hasSafeCourseOffers(data) {\n      return !data.keys().hasAny(['courseOffers']) ||\n        !data.courseOffers.keys().hasAny(['paypalPaymentLink']) ||\n        isValidPayPalLink(data.courseOffers.paypalPaymentLink);\n    }\n\n    function canStudentChangeBooking() {\n      return signedIn() &&\n        resource.data.studentUid == request.auth.uid &&\n        resource.data.slot > request.time.toMillis() + 12 * 60 * 60 * 1000;\n    }\n\n    match /users/{uid} {\n      allow read: if ownsDoc(uid) || isTeacher();\n      allow create: if ownsDoc(uid) &&\n        request.resource.data.keys().hasOnly([\n          'email',\n          'name',\n          'phone',\n          'role',\n          'createdAt',\n          'updatedAt',\n          'createdBy'\n        ]) &&\n        request.resource.data.role == \"student\" &&\n        isValidEmail(request.resource.data.email) &&\n        isValidPhone(request.resource.data.phone) &&\n        request.resource.data.name is string &&\n        request.resource.data.name.size() > 1;\n      allow update: if (ownsDoc(uid) &&\n        resource.data.role == \"student\" &&\n        request.resource.data.diff(resource.data).affectedKeys().hasOnly([\n          'email',\n          'name',\n          'phone',\n          'hasSubmittedReview',\n          'trialUsed',\n          'trialUsedAt',\n          'courseAccessRequested',\n          'courseAccessRequestedAt',\n          'requestedPackage',\n          'requestedAmount',\n          'requestedLessons',\n          'paymentStatus',\n          'paymentNote',\n          'reviewRequested',\n          'reviewSubmittedAt',\n          'updatedAt'\n        ]) &&\n        (\n          !request.resource.data.diff(resource.data).affectedKeys().hasAny(['reviewRequested']) ||\n          request.resource.data.reviewRequested == false\n        ) &&\n        (\n          !request.resource.data.diff(resource.data).affectedKeys().hasAny(['hasSubmittedReview']) ||\n          request.resource.data.hasSubmittedReview == true\n        ) &&\n        (\n          !request.resource.data.diff(resource.data).affectedKeys().hasAny(['trialUsed']) ||\n          request.resource.data.trialUsed == true ||\n          (\n            request.resource.data.trialUsed == false &&\n            exists(/databases/$(database)/documents/trialClaims/$(uid)) &&\n            getAfter(/databases/$(database)/documents/bookings/$(get(/databases/$(database)/documents/trialClaims/$(uid)).data.bookingId)).data.status == \"canceled\" &&\n            !existsAfter(/databases/$(database)/documents/trialClaims/$(uid))\n          )\n        )) || (isTeacher() &&\n        resource.data.role == \"student\" &&\n        request.resource.data.diff(resource.data).affectedKeys().hasOnly([\n          'balance',\n          'lessonPrice',\n          'courseAccess',\n          'courseAccessRequested',\n          'accessType',\n          'accessProduct',\n          'paymentStatus',\n          'paymentNote',\n          'allowOverdraft',\n          'transactions',\n          'requestedPackage',\n          'requestedAmount',\n          'requestedLessons',\n          'reviewRequested',\n          'reviewRequestedAt',\n          'trialUsed',\n          'trialUsedAt',\n          'courseAccessUpdatedAt',\n          'financeUpdatedAt',\n          'updatedAt'\n        ]));\n      allow delete: if resource.data.role == \"student\" &&\n        (ownsDoc(uid) || isTeacher());\n    }\n\n    match /teacherProfile/{docId} {\n      allow read: if true;\n      allow create, update, delete: if isTeacher();\n    }\n\n    match /reviews/{docId} {\n      allow read, get, list: if true;\n      allow create: if isTeacher() || (\n        signedIn() &&\n        docId == request.auth.uid &&\n        request.resource.data.studentUid == request.auth.uid &&\n        request.resource.data.id == request.auth.uid &&\n        request.resource.data.keys().hasOnly([\n          'id',\n          'name',\n          'country',\n          'rating',\n          'tag',\n          'date',\n          'text',\n          'avatar',\n          'source',\n          'studentUid',\n          'createdAt'\n        ]) &&\n        request.resource.data.name is string &&\n        request.resource.data.name.size() > 0 &&\n        isNumber(request.resource.data.rating) &&\n        request.resource.data.rating >= 1 &&\n        request.resource.data.rating <= 5 &&\n        request.resource.data.text is string &&\n        request.resource.data.text.size() > 0 &&\n        request.resource.data.text.size() <= 2000\n      );\n      allow update, delete: if isTeacher();\n    }\n\n    match /lessonFeedback/{bookingId} {\n      allow get: if isTeacher() || (\n        signedIn() &&\n        get(/databases/$(database)/documents/bookings/$(bookingId)).data.studentUid == request.auth.uid\n      );\n      allow list: if isTeacher();\n      allow create: if signedIn() &&\n        !exists(/databases/$(database)/documents/lessonFeedback/$(bookingId)) &&\n        exists(/databases/$(database)/documents/bookings/$(bookingId)) &&\n        get(/databases/$(database)/documents/bookings/$(bookingId)).data.studentUid == request.auth.uid &&\n        get(/databases/$(database)/documents/bookings/$(bookingId)).data.status != \"canceled\" &&\n        get(/databases/$(database)/documents/bookings/$(bookingId)).data.slot +\n          get(/databases/$(database)/documents/bookings/$(bookingId)).data.durationMinutes * 60 * 1000 <= request.time.toMillis() &&\n        request.resource.data.keys().hasOnly([\n          'bookingId',\n          'studentUid',\n          'lessonSlot',\n          'lessonDurationMinutes',\n          'ratings',\n          'overall',\n          'comment',\n          'createdAt'\n        ]) &&\n        request.resource.data.bookingId == bookingId &&\n        request.resource.data.studentUid == request.auth.uid &&\n        request.resource.data.lessonSlot == get(/databases/$(database)/documents/bookings/$(bookingId)).data.slot &&\n        request.resource.data.lessonDurationMinutes == get(/databases/$(database)/documents/bookings/$(bookingId)).data.durationMinutes &&\n        request.resource.data.ratings.keys().hasOnly([\n          'preparation',\n          'clarity',\n          'reassurance',\n          'progress'\n        ]) &&\n        request.resource.data.ratings.preparation >= 1 &&\n        request.resource.data.ratings.preparation <= 5 &&\n        request.resource.data.ratings.clarity >= 1 &&\n        request.resource.data.ratings.clarity <= 5 &&\n        request.resource.data.ratings.reassurance >= 1 &&\n        request.resource.data.ratings.reassurance <= 5 &&\n        request.resource.data.ratings.progress >= 1 &&\n        request.resource.data.ratings.progress <= 5 &&\n        isNumber(request.resource.data.overall) &&\n        request.resource.data.overall >= 1 &&\n        request.resource.data.overall <= 5 &&\n        isShortString(request.resource.data.comment, 500) &&\n        isTimestampNumber(request.resource.data.createdAt);\n      allow update, delete: if false;\n    }\n\n    match /lessonFeedbackSummary/{docId} {\n      allow read: if true;\n      allow create, update: if isTeacher() &&\n        request.resource.data.keys().hasOnly([\n          'count',\n          'studentCount',\n          'lessonCount',\n          'baselineStudentCount',\n          'averages',\n          'updatedAt'\n        ]) &&\n        request.resource.data.count is int &&\n        request.resource.data.count >= 0 &&\n        request.resource.data.studentCount is int &&\n        request.resource.data.studentCount >= 0 &&\n        request.resource.data.lessonCount is int &&\n        request.resource.data.lessonCount >= 0 &&\n        request.resource.data.baselineStudentCount is int &&\n        request.resource.data.baselineStudentCount >= 0 &&\n        request.resource.data.averages.keys().hasOnly([\n          'preparation',\n          'clarity',\n          'patience',\n          'reassurance',\n          'progress'\n        ]) &&\n        isTimestampNumber(request.resource.data.updatedAt);\n      allow delete: if false;\n    }\n\n    match /teachers/{uid} {\n      allow read: if ownsDoc(uid) || isTeacher();\n\n      allow create: if ownsDoc(uid) && isTeacher();\n\n      allow update: if ownsDoc(uid) &&\n        isTeacher() &&\n        request.resource.data.diff(resource.data).affectedKeys().hasOnly([\n          'email',\n          'name',\n          'googleCalendar',\n          'preplyCalendarId',\n          'appsScript',\n          'bookingSettings',\n          'contactSettings',\n          'calendarStatistics',\n          'revenueTotal',\n          'revenueUpdatedAt',\n          'updatedAt',\n          'createdAt'\n        ]);\n\n      allow delete: if false;\n    }\n\n    match /bookingSettings/{docId} {\n      allow read: if true;\n\n      allow create, update: if isTeacher() &&\n        hasSafeCourseOffers(request.resource.data) &&\n        request.resource.data.keys().hasOnly([\n          'timezone',\n          'slotMinutes',\n          'breakMinutes',\n          'totalSlotMinutes',\n          'days',\n          'exceptions',\n          'courseOffers',\n          'appsScript',\n          'whatsapp',\n          'contactEmail',\n          'classroomMeetingUrl',\n          'sitePrice',\n          'updatedAt'\n        ]);\n\n      allow delete: if false;\n    }\n\n    match /publicBookings/{docId} {\n      allow read: if true;\n\n      allow create: if signedIn() &&\n        request.resource.data.keys().hasOnly([\n          'slot',\n          'durationMinutes',\n          'status',\n          'createdAt',\n          'updatedAt',\n          'calendarSynced',\n          'source'\n        ]) &&\n        isTimestampNumber(request.resource.data.slot) &&\n        isNumber(request.resource.data.durationMinutes) &&\n        request.resource.data.durationMinutes >= 15 &&\n        request.resource.data.durationMinutes <= 240 &&\n        (\n          (\n            request.resource.data.source == \"student\" &&\n            request.resource.data.slot >= request.time.toMillis() + 6 * 60 * 60 * 1000 &&\n            getAfter(/databases/$(database)/documents/bookings/$(docId)).data.studentUid == request.auth.uid\n          ) ||\n          (\n            request.resource.data.source == \"teacher\" &&\n            request.resource.data.slot > request.time.toMillis() &&\n            isTeacher()\n          )\n        ) &&\n        request.resource.data.status == \"booked\";\n\n      allow update: if (\n        isTeacher() &&\n          request.resource.data.diff(resource.data).affectedKeys().hasOnly([\n            'slot',\n            'durationMinutes',\n            'status',\n            'updatedAt',\n            'calendarSynced',\n            'rescheduledFrom',\n            'rescheduledAt',\n            'emailHash',\n            'studentUid'\n          ]) &&\n          (\n            !request.resource.data.diff(resource.data).affectedKeys().hasAny(['canceledBy']) ||\n            request.resource.data.canceledBy == \"teacher\"\n          ) &&\n          isSafeStatus(request.resource.data.status)\n      ) || (\n        signedIn() &&\n          get(/databases/$(database)/documents/bookings/$(docId)).data.studentUid == request.auth.uid &&\n          resource.data.status == \"booked\" &&\n          request.resource.data.status == resource.data.status &&\n          request.resource.data.diff(resource.data).affectedKeys().hasOnly([\n            'updatedAt',\n            'calendarSynced'\n          ])\n      ) || (\n        signedIn() &&\n          get(/databases/$(database)/documents/bookings/$(docId)).data.studentUid == request.auth.uid &&\n          request.resource.data.diff(resource.data).affectedKeys().hasOnly([\n            'slot',\n            'status',\n            'updatedAt',\n            'calendarSynced',\n            'rescheduledFrom',\n            'rescheduledAt'\n          ]) &&\n          (\n            !request.resource.data.diff(resource.data).affectedKeys().hasAny(['canceledBy']) ||\n            request.resource.data.canceledBy == \"student\"\n          ) &&\n          (\n            request.resource.data.status == \"canceled\" ||\n            (\n              request.resource.data.status == \"rescheduled\" &&\n              resource.data.slot > request.time.toMillis() + 12 * 60 * 60 * 1000 &&\n              request.resource.data.slot > request.time.toMillis()\n            )\n          ) &&\n          (\n            request.resource.data.status != \"canceled\" ||\n            request.resource.data.slot == resource.data.slot\n          ) &&\n          isSafeStatus(request.resource.data.status)\n      );\n\n      allow delete: if isTeacher();\n    }\n\n    match /trialClaims/{uid} {\n      allow get: if ownsDoc(uid) || isTeacher();\n      allow list: if isTeacher();\n      allow create: if ownsDoc(uid) &&\n        request.resource.data.keys().hasOnly([\n          'studentUid',\n          'bookingId',\n          'createdAt'\n        ]) &&\n        request.resource.data.studentUid == request.auth.uid &&\n        isShortString(request.resource.data.bookingId, 150) &&\n        isTimestampNumber(request.resource.data.createdAt);\n      allow update: if false;\n      allow delete: if isTeacher();\n    }\n\n    match /bookings/{docId} {\n      allow create: if request.resource.data.keys().hasOnly([\n          'slot',\n          'durationMinutes',\n          'name',\n          'email',\n          'phone',\n          'notes',\n          'status',\n          'createdAt',\n          'updatedAt',\n          'calendarSynced',\n          'googleCalendarEventId',\n          'meetingUrl',\n          'source',\n          'reason',\n          'reasonLabels',\n          'level',\n          'lessonsPerMonth',\n          'studentTimeZone',\n          'studentLocale',\n          'countryHint',\n          'studentUid',\n          'timezone',\n          'isFreeTrial',\n          'lessonPrice',\n          'history'\n        ]) &&\n        signedIn() &&\n        (\n          (\n            request.resource.data.source == \"student\" &&\n            request.resource.data.slot >= request.time.toMillis() + 6 * 60 * 60 * 1000 &&\n            request.resource.data.studentUid == request.auth.uid &&\n            request.resource.data.email == request.auth.token.email\n          ) ||\n          (\n            request.resource.data.source == \"teacher\" &&\n            request.resource.data.slot > request.time.toMillis() &&\n            isTeacher()\n          )\n        ) &&\n        request.resource.data.name is string &&\n        request.resource.data.name.size() > 0 &&\n        request.resource.data.name.size() <= 120 &&\n        isValidEmail(request.resource.data.email) &&\n        isValidPhone(request.resource.data.phone) &&\n        isShortString(request.resource.data.notes, 4000) &&\n        isTimestampNumber(request.resource.data.slot) &&\n        isNumber(request.resource.data.durationMinutes) &&\n        request.resource.data.durationMinutes >= 15 &&\n        request.resource.data.durationMinutes <= 240 &&\n        request.resource.data.slot < request.time.toMillis() + 366 * 24 * 60 * 60 * 1000 &&\n        request.resource.data.isFreeTrial is bool &&\n        isNumber(request.resource.data.lessonPrice) &&\n        request.resource.data.lessonPrice >= 0 &&\n        request.resource.data.lessonPrice <= 10000 &&\n        (request.resource.data.isFreeTrial == true || request.resource.data.lessonPrice > 0) &&\n        (\n          request.resource.data.isFreeTrial == false ||\n          (\n            !hasUsedFreeTrial(request.auth.uid) &&\n            getAfter(/databases/$(database)/documents/trialClaims/$(request.auth.uid)).data.bookingId == docId\n          )\n        ) &&\n        request.resource.data.history is list &&\n        request.resource.data.history.size() <= 20 &&\n        hasValidMeetingLink(request.resource.data) &&\n        request.resource.data.status == \"booked\" &&\n        (\n          request.resource.data.source == \"student\" ||\n          (request.resource.data.source == \"teacher\" && isTeacher())\n        );\n\n       allow read: if isTeacher() ||\n        (signedIn() && (resource.data.studentUid == request.auth.uid || resource.data.email == request.auth.token.email));\n\n      allow update: if (\n        isTeacher() &&\n          request.resource.data.diff(resource.data).affectedKeys().hasOnly([\n            'slot',\n            'durationMinutes',\n            'notes',\n            'status',\n            'updatedAt',\n            'calendarSynced',\n            'calendarDeletePending',\n            'googleCalendarEventId',\n            'meetingUrl',\n            'studentNotice',\n            'studentNoticeAt',\n            'history',\n            'canceledAt',\n            'canceledBy',\n            'rescheduledFrom',\n            'rescheduledAt',\n            'balanceChargedAt',\n            'chargedAmount',\n            'chargeReason',\n            'classroomNotes',\n            'boardDataUrl',\n            'boardUpdatedAt',\n            'completedAt'\n          ]) &&\n          (\n            !request.resource.data.diff(resource.data).affectedKeys().hasAny(['canceledBy']) ||\n            request.resource.data.canceledBy == \"teacher\"\n          ) &&\n          hasValidMeetingLink(request.resource.data) &&\n          isSafeStatus(request.resource.data.status)\n      ) || (\n        signedIn() &&\n          (resource.data.studentUid == request.auth.uid || resource.data.email == request.auth.token.email) &&\n          request.resource.data.studentUid == resource.data.studentUid &&\n          resource.data.status == \"booked\" &&\n          request.resource.data.status == resource.data.status &&\n          request.resource.data.diff(resource.data).affectedKeys().hasOnly([\n            'updatedAt',\n            'calendarSynced',\n            'googleCalendarEventId',\n            'meetingUrl',\n            'history'\n          ]) &&\n          hasValidMeetingLink(request.resource.data) &&\n          request.resource.data.history is list &&\n          request.resource.data.history.size() <= 20\n      ) || (\n        signedIn() &&\n          (resource.data.studentUid == request.auth.uid || resource.data.email == request.auth.token.email) &&\n          (resource.data.studentUid == null || request.resource.data.studentUid == resource.data.studentUid) &&\n          request.resource.data.diff(resource.data).affectedKeys().hasOnly([\n            'slot',\n            'status',\n            'updatedAt',\n            'calendarSynced',\n            'calendarDeletePending',\n            'googleCalendarEventId',\n            'meetingUrl',\n            'history',\n            'canceledAt',\n            'canceledBy',\n            'rescheduledFrom',\n            'rescheduledAt'\n          ]) &&\n          (\n            !request.resource.data.diff(resource.data).affectedKeys().hasAny(['canceledBy']) ||\n            request.resource.data.canceledBy == \"student\"\n          ) &&\n          (\n            request.resource.data.status == \"canceled\" ||\n            (\n              request.resource.data.status == \"rescheduled\" &&\n              resource.data.slot > request.time.toMillis() + 12 * 60 * 60 * 1000 &&\n              request.resource.data.slot > request.time.toMillis()\n            )\n          ) &&\n          (\n            request.resource.data.status != \"canceled\" ||\n            request.resource.data.slot == resource.data.slot\n          ) &&\n          hasValidMeetingLink(request.resource.data) &&\n          isSafeStatus(request.resource.data.status)\n      );\n\n      allow delete: if isTeacher();\n    }\n\n    match /errorLogs/{docId} {\n      allow create: if signedIn() &&\n        request.resource.data.keys().hasOnly([\n          'timestamp',\n          'error',\n          'context',\n          'stack',\n          'userAgent',\n          'uid',\n          'email'\n        ]) &&\n        request.resource.data.error is string &&\n        request.resource.data.error.size() <= 1000 &&\n        request.resource.data.context is string &&\n        request.resource.data.context.size() <= 200 &&\n        (!request.resource.data.keys().hasAny(['stack']) ||\n          request.resource.data.stack is string &&\n          request.resource.data.stack.size() <= 4000) &&\n        (!request.resource.data.keys().hasAny(['uid']) ||\n          request.resource.data.uid == request.auth.uid) &&\n        (!request.resource.data.keys().hasAny(['email']) ||\n          request.resource.data.email == request.auth.token.email);\n      allow read, update, delete: if isTeacher();\n    }\n  }\n}\n","name":"firestore.rules"}]},"createTime":"2026-07-25T21:36:31.951503Z","metadata":{"services":["cloud.firestore"]}}
[debug] [2026-07-25T21:36:31.935Z] [rules] created ruleset projects/jafferapp/rulesets/fb8ec18d-cd97-447d-b1e6-98bea788b372
[debug] [2026-07-25T21:36:31.935Z] [rules] releasing cloud.firestore with ruleset projects/jafferapp/rulesets/fb8ec18d-cd97-447d-b1e6-98bea788b372
[debug] [2026-07-25T21:36:31.936Z] Checked if tokens are valid: true, expires at: 1785016364969
[debug] [2026-07-25T21:36:31.937Z] Checked if tokens are valid: true, expires at: 1785016364969
[debug] [2026-07-25T21:36:31.937Z] >>> [apiv2][query] PATCH https://firebaserules.googleapis.com/v1/projects/jafferapp/releases/cloud.firestore [none]
[debug] [2026-07-25T21:36:31.937Z] >>> [apiv2][body] PATCH https://firebaserules.googleapis.com/v1/projects/jafferapp/releases/cloud.firestore {"release":{"name":"projects/jafferapp/releases/cloud.firestore","rulesetName":"projects/jafferapp/rulesets/fb8ec18d-cd97-447d-b1e6-98bea788b372"}}
[debug] [2026-07-25T21:36:32.888Z] <<< [apiv2][status] PATCH https://firebaserules.googleapis.com/v1/projects/jafferapp/releases/cloud.firestore 200
[debug] [2026-07-25T21:36:32.888Z] <<< [apiv2][body] PATCH https://firebaserules.googleapis.com/v1/projects/jafferapp/releases/cloud.firestore {"name":"projects/jafferapp/releases/cloud.firestore","rulesetName":"projects/jafferapp/rulesets/fb8ec18d-cd97-447d-b1e6-98bea788b372","createTime":"2026-04-20T17:03:55.024691Z","updateTime":"2026-07-25T21:36:32.905748Z"}
[debug] [2026-07-25T21:36:32.888Z] [rules] updated release projects/jafferapp/releases/cloud.firestore
[info] +  firestore: released rules firestore.rules to cloud.firestore 
[info] 
[info] +  Deploy complete! 
[info] 
[info] Project Console: https://console.firebase.google.com/project/jafferapp/overview
[debug] [2026-07-25T21:56:00.123Z] ----------------------------------------------------------------------
[debug] [2026-07-25T21:56:00.127Z] Command:       C:\Program Files\nodejs\node.exe F:\جعفر\jaffer\node_modules\firebase-tools\lib\bin\firebase.js deploy --only firestore:rules --project jafferapp
[debug] [2026-07-25T21:56:00.127Z] CLI Version:   15.24.0
[debug] [2026-07-25T21:56:00.128Z] Platform:      win32
[debug] [2026-07-25T21:56:00.128Z] Node Version:  v24.15.0
[debug] [2026-07-25T21:56:00.128Z] Detected Agent: codex_cli
[debug] [2026-07-25T21:56:00.129Z] Time:          Sun Jul 26 2026 00:56:00 GMT+0300 (Eastern European Summer Time)
[debug] [2026-07-25T21:56:00.129Z] ----------------------------------------------------------------------
[debug] 
[debug] [2026-07-25T21:56:01.739Z] > command requires scopes: ["email","openid","https://www.googleapis.com/auth/cloudplatformprojects.readonly","https://www.googleapis.com/auth/firebase","https://www.googleapis.com/auth/cloud-platform"]
[debug] [2026-07-25T21:56:01.740Z] > authorizing via signed-in user (farouqmurtaja96@gmail.com)
[debug] [2026-07-25T21:56:01.740Z] [iam] checking project jafferapp for permissions ["datastore.indexes.create","datastore.indexes.delete","datastore.indexes.list","datastore.indexes.update","firebase.projects.get"]
[debug] [2026-07-25T21:56:01.758Z] Checked if tokens are valid: true, expires at: 1785019377458
[debug] [2026-07-25T21:56:01.758Z] Checked if tokens are valid: true, expires at: 1785019377458
[debug] [2026-07-25T21:56:01.760Z] >>> [apiv2][query] POST https://cloudresourcemanager.googleapis.com/v1/projects/jafferapp:testIamPermissions [none]
[debug] [2026-07-25T21:56:01.761Z] >>> [apiv2][(partial)header] POST https://cloudresourcemanager.googleapis.com/v1/projects/jafferapp:testIamPermissions  x-goog-user-project=jafferapp
[debug] [2026-07-25T21:56:01.761Z] >>> [apiv2][body] POST https://cloudresourcemanager.googleapis.com/v1/projects/jafferapp:testIamPermissions {"permissions":["datastore.indexes.create","datastore.indexes.delete","datastore.indexes.list","datastore.indexes.update","firebase.projects.get"]}
[debug] [2026-07-25T21:56:02.630Z] <<< [apiv2][status] POST https://cloudresourcemanager.googleapis.com/v1/projects/jafferapp:testIamPermissions 200
[debug] [2026-07-25T21:56:02.630Z] <<< [apiv2][body] POST https://cloudresourcemanager.googleapis.com/v1/projects/jafferapp:testIamPermissions {"permissions":["datastore.indexes.create","datastore.indexes.delete","datastore.indexes.list","datastore.indexes.update","firebase.projects.get"]}
[info] 
[info] === Deploying to 'jafferapp'...
[info] 
[info] i  deploying firestore 
[info] i  firestore: ensuring required API firestore.googleapis.com is enabled... 
[info] i  firestore: ensuring required API firestore.googleapis.com is enabled... 
[debug] [2026-07-25T21:56:02.636Z] Checked if tokens are valid: true, expires at: 1785019377458
[debug] [2026-07-25T21:56:02.636Z] Checked if tokens are valid: true, expires at: 1785019377458
[debug] [2026-07-25T21:56:02.637Z] >>> [apiv2][query] GET https://firestore.googleapis.com/v1/projects/jafferapp/databases/(default) [none]
[debug] [2026-07-25T21:56:03.503Z] <<< [apiv2][status] GET https://firestore.googleapis.com/v1/projects/jafferapp/databases/(default) 200
[debug] [2026-07-25T21:56:03.503Z] <<< [apiv2][body] GET https://firestore.googleapis.com/v1/projects/jafferapp/databases/(default) {"name":"projects/jafferapp/databases/(default)","uid":"900b80f5-5e7e-4a8f-a26f-b9640def9b20","createTime":"2026-04-20T17:03:52.051420Z","updateTime":"2026-04-20T17:03:52.051420Z","locationId":"nam5","type":"FIRESTORE_NATIVE","concurrencyMode":"PESSIMISTIC","versionRetentionPeriod":"3600s","earliestVersionTime":"2026-07-25T20:56:03.564354Z","appEngineIntegrationMode":"DISABLED","keyPrefix":"s","pointInTimeRecoveryEnablement":"POINT_IN_TIME_RECOVERY_DISABLED","deleteProtectionState":"DELETE_PROTECTION_DISABLED","databaseEdition":"STANDARD","freeTier":true,"realtimeUpdatesMode":"REALTIME_UPDATES_MODE_ENABLED","etag":"IN75wfHo7pUDMJL/q831/JMD"}
[info] i  cloud.firestore: checking firestore.rules for compilation errors... 
[debug] [2026-07-25T21:56:03.504Z] Checked if tokens are valid: true, expires at: 1785019377458
[debug] [2026-07-25T21:56:03.504Z] Checked if tokens are valid: true, expires at: 1785019377458
[debug] [2026-07-25T21:56:03.505Z] >>> [apiv2][query] POST https://firebaserules.googleapis.com/v1/projects/jafferapp:test [none]
[debug] [2026-07-25T21:56:03.505Z] >>> [apiv2][body] POST https://firebaserules.googleapis.com/v1/projects/jafferapp:test [omitted]
[debug] [2026-07-25T21:56:04.509Z] <<< [apiv2][status] POST https://firebaserules.googleapis.com/v1/projects/jafferapp:test 200
[debug] [2026-07-25T21:56:04.510Z] <<< [apiv2][body] POST https://firebaserules.googleapis.com/v1/projects/jafferapp:test {"issues":[{"sourcePosition":{"fileName":"firestore.rules","line":16,"column":14,"currentOffset":356,"endOffset":369},"description":"Unused function: requestUserDoc.","severity":"WARNING"},{"sourcePosition":{"fileName":"firestore.rules","line":17,"column":14,"currentOffset":388,"endOffset":390},"description":"Invalid function name: get.","severity":"WARNING"},{"sourcePosition":{"fileName":"firestore.rules","line":17,"column":30,"currentOffset":404,"endOffset":410},"description":"Invalid variable name: request.","severity":"WARNING"},{"sourcePosition":{"fileName":"firestore.rules","line":79,"column":14,"currentOffset":2340,"endOffset":2362},"description":"Unused function: canStudentChangeBooking.","severity":"WARNING"},{"sourcePosition":{"fileName":"firestore.rules","line":81,"column":9,"currentOffset":2403,"endOffset":2410},"description":"Invalid variable name: resource.","severity":"WARNING"},{"sourcePosition":{"fileName":"firestore.rules","line":81,"column":37,"currentOffset":2431,"endOffset":2437},"description":"Invalid variable name: request.","severity":"WARNING"},{"sourcePosition":{"fileName":"firestore.rules","line":82,"column":9,"currentOffset":2459,"endOffset":2466},"description":"Invalid variable name: resource.","severity":"WARNING"},{"sourcePosition":{"fileName":"firestore.rules","line":82,"column":30,"currentOffset":2480,"endOffset":2486},"description":"Invalid variable name: request.","severity":"WARNING"}]}
[warn] !  [W] 16:14 - Unused function: requestUserDoc. 
[warn] !  [W] 17:14 - Invalid function name: get. 
[warn] !  [W] 17:30 - Invalid variable name: request. 
[warn] !  [W] 79:14 - Unused function: canStudentChangeBooking. 
[warn] !  [W] 81:9 - Invalid variable name: resource. 
[warn] !  [W] 81:37 - Invalid variable name: request. 
[warn] !  [W] 82:9 - Invalid variable name: resource. 
[warn] !  [W] 82:30 - Invalid variable name: request. 
[info] +  cloud.firestore: rules file firestore.rules compiled successfully 
[debug] [2026-07-25T21:56:04.512Z] Checked if tokens are valid: true, expires at: 1785019377458
[debug] [2026-07-25T21:56:04.512Z] Checked if tokens are valid: true, expires at: 1785019377458
[debug] [2026-07-25T21:56:04.513Z] >>> [apiv2][query] GET https://firebaserules.googleapis.com/v1/projects/jafferapp/releases pageSize=10&pageToken=
[debug] [2026-07-25T21:56:05.184Z] <<< [apiv2][status] GET https://firebaserules.googleapis.com/v1/projects/jafferapp/releases 200
[debug] [2026-07-25T21:56:05.184Z] <<< [apiv2][body] GET https://firebaserules.googleapis.com/v1/projects/jafferapp/releases {"releases":[{"name":"projects/jafferapp/releases/cloud.firestore","rulesetName":"projects/jafferapp/rulesets/fb8ec18d-cd97-447d-b1e6-98bea788b372","createTime":"2026-04-20T17:03:55.024691Z","updateTime":"2026-07-25T21:36:32.905748Z"}]}
[debug] [2026-07-25T21:56:05.184Z] Checked if tokens are valid: true, expires at: 1785019377458
[debug] [2026-07-25T21:56:05.185Z] Checked if tokens are valid: true, expires at: 1785019377458
[debug] [2026-07-25T21:56:05.185Z] >>> [apiv2][query] GET https://firebaserules.googleapis.com/v1/projects/jafferapp/rulesets/fb8ec18d-cd97-447d-b1e6-98bea788b372 [none]
[debug] [2026-07-25T21:56:05.409Z] <<< [apiv2][status] GET https://firebaserules.googleapis.com/v1/projects/jafferapp/rulesets/fb8ec18d-cd97-447d-b1e6-98bea788b372 200
[debug] [2026-07-25T21:56:05.409Z] <<< [apiv2][body] GET https://firebaserules.googleapis.com/v1/projects/jafferapp/rulesets/fb8ec18d-cd97-447d-b1e6-98bea788b372 [omitted]
[info] i  firestore: uploading rules firestore.rules... 
[debug] [2026-07-25T21:56:05.411Z] Checked if tokens are valid: true, expires at: 1785019377458
[debug] [2026-07-25T21:56:05.411Z] Checked if tokens are valid: true, expires at: 1785019377458
[debug] [2026-07-25T21:56:05.411Z] >>> [apiv2][query] POST https://firebaserules.googleapis.com/v1/projects/jafferapp/rulesets [none]
[debug] [2026-07-25T21:56:05.411Z] >>> [apiv2][body] POST https://firebaserules.googleapis.com/v1/projects/jafferapp/rulesets [omitted]
[debug] [2026-07-25T21:56:05.997Z] <<< [apiv2][status] POST https://firebaserules.googleapis.com/v1/projects/jafferapp/rulesets 200
[debug] [2026-07-25T21:56:05.997Z] <<< [apiv2][body] POST https://firebaserules.googleapis.com/v1/projects/jafferapp/rulesets {"name":"projects/jafferapp/rulesets/dfe1503e-98a0-4039-9ddf-2014fed2672c","source":{"files":[{"content":"rules_version = '2';\nservice cloud.firestore {\n  match /databases/{database}/documents {\n    function signedIn() {\n      return request.auth != null;\n    }\n\n    function ownsDoc(uid) {\n      return signedIn() && request.auth.uid == uid;\n    }\n\n    function userDocPath(uid) {\n      return /databases/$(database)/documents/users/$(uid);\n    }\n\n    function requestUserDoc() {\n      return get(userDocPath(request.auth.uid));\n    }\n\n    function isTeacher() {\n      return signedIn() &&\n        exists(userDocPath(request.auth.uid)) &&\n        get(userDocPath(request.auth.uid)).data.role == \"teacher\";\n    }\n\n    function hasUsedFreeTrial(uid) {\n      return exists(userDocPath(uid)) &&\n        get(userDocPath(uid)).data.keys().hasAny(['trialUsed']) &&\n        get(userDocPath(uid)).data.trialUsed == true;\n    }\n\n    function isValidEmail(email) {\n      return email is string &&\n        email.matches('^[a-zA-Z0-9._%+-]+@[a-zA-Z0-9.-]+\\\\.[a-zA-Z]{2,}$');\n    }\n\n    function isValidPhone(phone) {\n      return phone == \"\" ||\n        (phone is string && phone.matches('^[+]?[0-9]{8,15}$'));\n    }\n\n    function isTimestampNumber(value) {\n      return value is int || value is float;\n    }\n\n    function isNumber(value) {\n      return value is int || value is float;\n    }\n\n    function isShortString(value, maxLength) {\n      return value is string && value.size() <= maxLength;\n    }\n\n    function isSafeStatus(status) {\n      return status in [\"booked\", \"pending\", \"canceled\", \"rescheduled\", \"completed\"];\n    }\n\n    function isValidPayPalLink(link) {\n      return link == \"\" || (link is string && link.size() <= 500 && (\n        link.matches('^https://([a-zA-Z0-9-]+\\\\.)*paypal\\\\.com(/.*)?$') ||\n        link.matches('^https://([a-zA-Z0-9-]+\\\\.)*paypal\\\\.me(/.*)?$')\n      ));\n    }\n\n    function hasValidMeetingLink(data) {\n      return !data.keys().hasAny(['meetingUrl']) ||\n        data.meetingUrl == \"\" ||\n        (data.meetingUrl is string &&\n          data.meetingUrl.size() <= 500 &&\n          data.meetingUrl.matches('^https://meet\\\\.google\\\\.com/[a-zA-Z0-9_-]+([?].*)?$'));\n    }\n\n    function hasSafeCourseOffers(data) {\n      return !data.keys().hasAny(['courseOffers']) ||\n        !data.courseOffers.keys().hasAny(['paypalPaymentLink']) ||\n        isValidPayPalLink(data.courseOffers.paypalPaymentLink);\n    }\n\n    function canStudentChangeBooking() {\n      return signedIn() &&\n        resource.data.studentUid == request.auth.uid &&\n        resource.data.slot > request.time.toMillis() + 12 * 60 * 60 * 1000;\n    }\n\n    match /users/{uid} {\n      allow read: if ownsDoc(uid) || isTeacher();\n      allow create: if ownsDoc(uid) &&\n        request.resource.data.keys().hasOnly([\n          'email',\n          'name',\n          'phone',\n          'role',\n          'createdAt',\n          'updatedAt',\n          'createdBy'\n        ]) &&\n        request.resource.data.role == \"student\" &&\n        isValidEmail(request.resource.data.email) &&\n        isValidPhone(request.resource.data.phone) &&\n        request.resource.data.name is string &&\n        request.resource.data.name.size() > 1;\n      allow update: if (ownsDoc(uid) &&\n        resource.data.role == \"student\" &&\n        request.resource.data.diff(resource.data).affectedKeys().hasOnly([\n          'email',\n          'name',\n          'phone',\n          'hasSubmittedReview',\n          'trialUsed',\n          'trialUsedAt',\n          'courseAccessRequested',\n          'courseAccessRequestedAt',\n          'requestedPackage',\n          'requestedAmount',\n          'requestedLessons',\n          'paymentStatus',\n          'paymentNote',\n          'reviewRequested',\n          'reviewSubmittedAt',\n          'updatedAt'\n        ]) &&\n        (\n          !request.resource.data.diff(resource.data).affectedKeys().hasAny(['reviewRequested']) ||\n          request.resource.data.reviewRequested == false\n        ) &&\n        (\n          !request.resource.data.diff(resource.data).affectedKeys().hasAny(['hasSubmittedReview']) ||\n          request.resource.data.hasSubmittedReview == true\n        ) &&\n        (\n          !request.resource.data.diff(resource.data).affectedKeys().hasAny(['trialUsed']) ||\n          request.resource.data.trialUsed == true ||\n          (\n            request.resource.data.trialUsed == false &&\n            exists(/databases/$(database)/documents/trialClaims/$(uid)) &&\n            getAfter(/databases/$(database)/documents/bookings/$(get(/databases/$(database)/documents/trialClaims/$(uid)).data.bookingId)).data.status == \"canceled\" &&\n            !existsAfter(/databases/$(database)/documents/trialClaims/$(uid))\n          )\n        )) || (isTeacher() &&\n        resource.data.role == \"student\" &&\n        request.resource.data.diff(resource.data).affectedKeys().hasOnly([\n          'balance',\n          'lessonPrice',\n          'courseAccess',\n          'courseAccessRequested',\n          'accessType',\n          'accessProduct',\n          'paymentStatus',\n          'paymentNote',\n          'allowOverdraft',\n          'transactions',\n          'requestedPackage',\n          'requestedAmount',\n          'requestedLessons',\n          'reviewRequested',\n          'reviewRequestedAt',\n          'trialUsed',\n          'trialUsedAt',\n          'courseAccessUpdatedAt',\n          'financeUpdatedAt',\n          'updatedAt'\n        ]));\n      allow delete: if resource.data.role == \"student\" &&\n        (ownsDoc(uid) || isTeacher());\n    }\n\n    match /teacherProfile/{docId} {\n      allow read: if true;\n      allow create, update, delete: if isTeacher();\n    }\n\n    match /reviews/{docId} {\n      allow read, get, list: if true;\n      allow create: if isTeacher() || (\n        signedIn() &&\n        docId == request.auth.uid &&\n        request.resource.data.studentUid == request.auth.uid &&\n        request.resource.data.id == request.auth.uid &&\n        request.resource.data.keys().hasOnly([\n          'id',\n          'name',\n          'country',\n          'rating',\n          'tag',\n          'date',\n          'text',\n          'avatar',\n          'source',\n          'studentUid',\n          'createdAt'\n        ]) &&\n        request.resource.data.name is string &&\n        request.resource.data.name.size() > 0 &&\n        isNumber(request.resource.data.rating) &&\n        request.resource.data.rating >= 1 &&\n        request.resource.data.rating <= 5 &&\n        request.resource.data.text is string &&\n        request.resource.data.text.size() > 0 &&\n        request.resource.data.text.size() <= 2000\n      );\n      allow update, delete: if isTeacher();\n    }\n\n    match /lessonFeedback/{bookingId} {\n      allow get: if isTeacher() || (\n        signedIn() &&\n        get(/databases/$(database)/documents/bookings/$(bookingId)).data.studentUid == request.auth.uid\n      );\n      allow list: if isTeacher();\n      allow create: if signedIn() &&\n        !exists(/databases/$(database)/documents/lessonFeedback/$(bookingId)) &&\n        exists(/databases/$(database)/documents/bookings/$(bookingId)) &&\n        get(/databases/$(database)/documents/bookings/$(bookingId)).data.studentUid == request.auth.uid &&\n        get(/databases/$(database)/documents/bookings/$(bookingId)).data.status != \"canceled\" &&\n        get(/databases/$(database)/documents/bookings/$(bookingId)).data.slot +\n          get(/databases/$(database)/documents/bookings/$(bookingId)).data.durationMinutes * 60 * 1000 <= request.time.toMillis() &&\n        request.resource.data.keys().hasOnly([\n          'bookingId',\n          'studentUid',\n          'lessonSlot',\n          'lessonDurationMinutes',\n          'ratings',\n          'overall',\n          'comment',\n          'createdAt'\n        ]) &&\n        request.resource.data.bookingId == bookingId &&\n        request.resource.data.studentUid == request.auth.uid &&\n        request.resource.data.lessonSlot == get(/databases/$(database)/documents/bookings/$(bookingId)).data.slot &&\n        request.resource.data.lessonDurationMinutes == get(/databases/$(database)/documents/bookings/$(bookingId)).data.durationMinutes &&\n        request.resource.data.ratings.keys().hasOnly([\n          'preparation',\n          'clarity',\n          'reassurance',\n          'progress'\n        ]) &&\n        request.resource.data.ratings.preparation >= 1 &&\n        request.resource.data.ratings.preparation <= 5 &&\n        request.resource.data.ratings.clarity >= 1 &&\n        request.resource.data.ratings.clarity <= 5 &&\n        request.resource.data.ratings.reassurance >= 1 &&\n        request.resource.data.ratings.reassurance <= 5 &&\n        request.resource.data.ratings.progress >= 1 &&\n        request.resource.data.ratings.progress <= 5 &&\n        isNumber(request.resource.data.overall) &&\n        request.resource.data.overall >= 1 &&\n        request.resource.data.overall <= 5 &&\n        isShortString(request.resource.data.comment, 500) &&\n        isTimestampNumber(request.resource.data.createdAt);\n      allow update, delete: if false;\n    }\n\n    match /lessonFeedbackSummary/{docId} {\n      allow read: if true;\n      allow create, update: if isTeacher() &&\n        request.resource.data.keys().hasOnly([\n          'count',\n          'studentCount',\n          'lessonCount',\n          'baselineStudentCount',\n          'averages',\n          'updatedAt'\n        ]) &&\n        request.resource.data.count is int &&\n        request.resource.data.count >= 0 &&\n        request.resource.data.studentCount is int &&\n        request.resource.data.studentCount >= 0 &&\n        request.resource.data.lessonCount is int &&\n        request.resource.data.lessonCount >= 0 &&\n        request.resource.data.baselineStudentCount is int &&\n        request.resource.data.baselineStudentCount >= 0 &&\n        request.resource.data.averages.keys().hasOnly([\n          'preparation',\n          'clarity',\n          'patience',\n          'reassurance',\n          'progress'\n        ]) &&\n        isTimestampNumber(request.resource.data.updatedAt);\n      allow delete: if false;\n    }\n\n    match /teachers/{uid} {\n      allow read: if ownsDoc(uid) || isTeacher();\n\n      allow create: if ownsDoc(uid) && isTeacher();\n\n      allow update: if ownsDoc(uid) &&\n        isTeacher() &&\n        request.resource.data.diff(resource.data).affectedKeys().hasOnly([\n          'email',\n          'name',\n          'googleCalendar',\n          'preplyCalendarId',\n          'appsScript',\n          'bookingSettings',\n          'contactSettings',\n          'calendarStatistics',\n          'revenueTotal',\n          'revenueUpdatedAt',\n          'updatedAt',\n          'createdAt'\n        ]);\n\n      allow delete: if false;\n    }\n\n    match /bookingSettings/{docId} {\n      allow read: if true;\n\n      allow create, update: if isTeacher() &&\n        hasSafeCourseOffers(request.resource.data) &&\n        request.resource.data.keys().hasOnly([\n          'timezone',\n          'slotMinutes',\n          'breakMinutes',\n          'totalSlotMinutes',\n          'days',\n          'exceptions',\n          'courseOffers',\n          'appsScript',\n          'whatsapp',\n          'contactEmail',\n          'classroomMeetingUrl',\n          'sitePrice',\n          'updatedAt'\n        ]);\n\n      allow delete: if false;\n    }\n\n    match /publicBookings/{docId} {\n      allow read: if true;\n\n      allow create: if signedIn() &&\n        request.resource.data.keys().hasOnly([\n          'slot',\n          'durationMinutes',\n          'status',\n          'createdAt',\n          'updatedAt',\n          'calendarSynced',\n          'source'\n        ]) &&\n        isTimestampNumber(request.resource.data.slot) &&\n        isNumber(request.resource.data.durationMinutes) &&\n        request.resource.data.durationMinutes >= 15 &&\n        request.resource.data.durationMinutes <= 240 &&\n        (\n          (\n            request.resource.data.source == \"student\" &&\n            request.resource.data.slot >= request.time.toMillis() + 6 * 60 * 60 * 1000 &&\n            getAfter(/databases/$(database)/documents/bookings/$(docId)).data.studentUid == request.auth.uid\n          ) ||\n          (\n            request.resource.data.source == \"teacher\" &&\n            request.resource.data.slot > request.time.toMillis() &&\n            isTeacher()\n          )\n        ) &&\n        request.resource.data.status == \"booked\";\n\n      allow update: if (\n        isTeacher() &&\n          request.resource.data.diff(resource.data).affectedKeys().hasOnly([\n            'slot',\n            'durationMinutes',\n            'status',\n            'updatedAt',\n            'calendarSynced',\n            'rescheduledFrom',\n            'rescheduledAt',\n            'emailHash',\n            'studentUid'\n          ]) &&\n          (\n            !request.resource.data.diff(resource.data).affectedKeys().hasAny(['canceledBy']) ||\n            request.resource.data.canceledBy == \"teacher\"\n          ) &&\n          isSafeStatus(request.resource.data.status)\n      ) || (\n        signedIn() &&\n          get(/databases/$(database)/documents/bookings/$(docId)).data.studentUid == request.auth.uid &&\n          resource.data.status == \"booked\" &&\n          request.resource.data.status == resource.data.status &&\n          request.resource.data.diff(resource.data).affectedKeys().hasOnly([\n            'updatedAt',\n            'calendarSynced'\n          ])\n      ) || (\n        signedIn() &&\n          get(/databases/$(database)/documents/bookings/$(docId)).data.studentUid == request.auth.uid &&\n          request.resource.data.diff(resource.data).affectedKeys().hasOnly([\n            'slot',\n            'status',\n            'updatedAt',\n            'calendarSynced',\n            'rescheduledFrom',\n            'rescheduledAt'\n          ]) &&\n          (\n            !request.resource.data.diff(resource.data).affectedKeys().hasAny(['canceledBy']) ||\n            request.resource.data.canceledBy == \"student\"\n          ) &&\n          (\n            request.resource.data.status == \"canceled\" ||\n            (\n              request.resource.data.status == \"rescheduled\" &&\n              resource.data.slot > request.time.toMillis() + 12 * 60 * 60 * 1000 &&\n              request.resource.data.slot > request.time.toMillis()\n            )\n          ) &&\n          (\n            request.resource.data.status != \"canceled\" ||\n            request.resource.data.slot == resource.data.slot\n          ) &&\n          isSafeStatus(request.resource.data.status)\n      );\n\n      allow delete: if isTeacher();\n    }\n\n    match /trialClaims/{uid} {\n      allow get: if ownsDoc(uid) || isTeacher();\n      allow list: if isTeacher();\n      allow create: if ownsDoc(uid) &&\n        request.resource.data.keys().hasOnly([\n          'studentUid',\n          'bookingId',\n          'createdAt'\n        ]) &&\n        request.resource.data.studentUid == request.auth.uid &&\n        isShortString(request.resource.data.bookingId, 150) &&\n        isTimestampNumber(request.resource.data.createdAt);\n      allow update: if false;\n      allow delete: if isTeacher() || (\n        ownsDoc(uid) &&\n        getAfter(/databases/$(database)/documents/bookings/$(resource.data.bookingId)).data.status == \"canceled\" &&\n        getAfter(/databases/$(database)/documents/users/$(uid)).data.trialUsed == false\n      );\n    }\n\n    match /bookings/{docId} {\n      allow create: if request.resource.data.keys().hasOnly([\n          'slot',\n          'durationMinutes',\n          'name',\n          'email',\n          'phone',\n          'notes',\n          'status',\n          'createdAt',\n          'updatedAt',\n          'calendarSynced',\n          'googleCalendarEventId',\n          'meetingUrl',\n          'source',\n          'reason',\n          'reasonLabels',\n          'level',\n          'lessonsPerMonth',\n          'studentTimeZone',\n          'studentLocale',\n          'countryHint',\n          'studentUid',\n          'timezone',\n          'isFreeTrial',\n          'lessonPrice',\n          'history'\n        ]) &&\n        signedIn() &&\n        (\n          (\n            request.resource.data.source == \"student\" &&\n            request.resource.data.slot >= request.time.toMillis() + 6 * 60 * 60 * 1000 &&\n            request.resource.data.studentUid == request.auth.uid &&\n            request.resource.data.email == request.auth.token.email\n          ) ||\n          (\n            request.resource.data.source == \"teacher\" &&\n            request.resource.data.slot > request.time.toMillis() &&\n            isTeacher()\n          )\n        ) &&\n        request.resource.data.name is string &&\n        request.resource.data.name.size() > 0 &&\n        request.resource.data.name.size() <= 120 &&\n        isValidEmail(request.resource.data.email) &&\n        isValidPhone(request.resource.data.phone) &&\n        isShortString(request.resource.data.notes, 4000) &&\n        isTimestampNumber(request.resource.data.slot) &&\n        isNumber(request.resource.data.durationMinutes) &&\n        request.resource.data.durationMinutes >= 15 &&\n        request.resource.data.durationMinutes <= 240 &&\n        request.resource.data.slot < request.time.toMillis() + 366 * 24 * 60 * 60 * 1000 &&\n        request.resource.data.isFreeTrial is bool &&\n        isNumber(request.resource.data.lessonPrice) &&\n        request.resource.data.lessonPrice >= 0 &&\n        request.resource.data.lessonPrice <= 10000 &&\n        (request.resource.data.isFreeTrial == true || request.resource.data.lessonPrice > 0) &&\n        (\n          request.resource.data.isFreeTrial == false ||\n          (\n            !hasUsedFreeTrial(request.auth.uid) &&\n            getAfter(/databases/$(database)/documents/trialClaims/$(request.auth.uid)).data.bookingId == docId\n          )\n        ) &&\n        request.resource.data.history is list &&\n        request.resource.data.history.size() <= 20 &&\n        hasValidMeetingLink(request.resource.data) &&\n        request.resource.data.status == \"booked\" &&\n        (\n          request.resource.data.source == \"student\" ||\n          (request.resource.data.source == \"teacher\" && isTeacher())\n        );\n\n       allow read: if isTeacher() ||\n        (signedIn() && (resource.data.studentUid == request.auth.uid || resource.data.email == request.auth.token.email));\n\n      allow update: if (\n        isTeacher() &&\n          request.resource.data.diff(resource.data).affectedKeys().hasOnly([\n            'slot',\n            'durationMinutes',\n            'notes',\n            'status',\n            'updatedAt',\n            'calendarSynced',\n            'calendarDeletePending',\n            'googleCalendarEventId',\n            'meetingUrl',\n            'studentNotice',\n            'studentNoticeAt',\n            'history',\n            'canceledAt',\n            'canceledBy',\n            'rescheduledFrom',\n            'rescheduledAt',\n            'balanceChargedAt',\n            'chargedAmount',\n            'chargeReason',\n            'classroomNotes',\n            'boardDataUrl',\n            'boardUpdatedAt',\n            'completedAt'\n          ]) &&\n          (\n            !request.resource.data.diff(resource.data).affectedKeys().hasAny(['canceledBy']) ||\n            request.resource.data.canceledBy == \"teacher\"\n          ) &&\n          hasValidMeetingLink(request.resource.data) &&\n          isSafeStatus(request.resource.data.status)\n      ) || (\n        signedIn() &&\n          (resource.data.studentUid == request.auth.uid || resource.data.email == request.auth.token.email) &&\n          request.resource.data.studentUid == resource.data.studentUid &&\n          resource.data.status == \"booked\" &&\n          request.resource.data.status == resource.data.status &&\n          request.resource.data.diff(resource.data).affectedKeys().hasOnly([\n            'updatedAt',\n            'calendarSynced',\n            'googleCalendarEventId',\n            'meetingUrl',\n            'history'\n          ]) &&\n          hasValidMeetingLink(request.resource.data) &&\n          request.resource.data.history is list &&\n          request.resource.data.history.size() <= 20\n      ) || (\n        signedIn() &&\n          (resource.data.studentUid == request.auth.uid || resource.data.email == request.auth.token.email) &&\n          (resource.data.studentUid == null || request.resource.data.studentUid == resource.data.studentUid) &&\n          request.resource.data.diff(resource.data).affectedKeys().hasOnly([\n            'slot',\n            'status',\n            'updatedAt',\n            'calendarSynced',\n            'calendarDeletePending',\n            'googleCalendarEventId',\n            'meetingUrl',\n            'history',\n            'canceledAt',\n            'canceledBy',\n            'rescheduledFrom',\n            'rescheduledAt'\n          ]) &&\n          (\n            !request.resource.data.diff(resource.data).affectedKeys().hasAny(['canceledBy']) ||\n            request.resource.data.canceledBy == \"student\"\n          ) &&\n          (\n            request.resource.data.status == \"canceled\" ||\n            (\n              request.resource.data.status == \"rescheduled\" &&\n              resource.data.slot > request.time.toMillis() + 12 * 60 * 60 * 1000 &&\n              request.resource.data.slot > request.time.toMillis()\n            )\n          ) &&\n          (\n            request.resource.data.status != \"canceled\" ||\n            request.resource.data.slot == resource.data.slot\n          ) &&\n          hasValidMeetingLink(request.resource.data) &&\n          isSafeStatus(request.resource.data.status)\n      );\n\n      allow delete: if isTeacher();\n    }\n\n    match /errorLogs/{docId} {\n      allow create: if signedIn() &&\n        request.resource.data.keys().hasOnly([\n          'timestamp',\n          'error',\n          'context',\n          'stack',\n          'userAgent',\n          'uid',\n          'email'\n        ]) &&\n        request.resource.data.error is string &&\n        request.resource.data.error.size() <= 1000 &&\n        request.resource.data.context is string &&\n        request.resource.data.context.size() <= 200 &&\n        (!request.resource.data.keys().hasAny(['stack']) ||\n          request.resource.data.stack is string &&\n          request.resource.data.stack.size() <= 4000) &&\n        (!request.resource.data.keys().hasAny(['uid']) ||\n          request.resource.data.uid == request.auth.uid) &&\n        (!request.resource.data.keys().hasAny(['email']) ||\n          request.resource.data.email == request.auth.token.email);\n      allow read, update, delete: if isTeacher();\n    }\n  }\n}\n","name":"firestore.rules"}]},"createTime":"2026-07-25T21:56:06.039343Z","metadata":{"services":["cloud.firestore"]}}
[debug] [2026-07-25T21:56:05.998Z] [rules] created ruleset projects/jafferapp/rulesets/dfe1503e-98a0-4039-9ddf-2014fed2672c
[debug] [2026-07-25T21:56:05.998Z] [rules] releasing cloud.firestore with ruleset projects/jafferapp/rulesets/dfe1503e-98a0-4039-9ddf-2014fed2672c
[debug] [2026-07-25T21:56:05.998Z] Checked if tokens are valid: true, expires at: 1785019377458
[debug] [2026-07-25T21:56:05.999Z] Checked if tokens are valid: true, expires at: 1785019377458
[debug] [2026-07-25T21:56:05.999Z] >>> [apiv2][query] PATCH https://firebaserules.googleapis.com/v1/projects/jafferapp/releases/cloud.firestore [none]
[debug] [2026-07-25T21:56:05.999Z] >>> [apiv2][body] PATCH https://firebaserules.googleapis.com/v1/projects/jafferapp/releases/cloud.firestore {"release":{"name":"projects/jafferapp/releases/cloud.firestore","rulesetName":"projects/jafferapp/rulesets/dfe1503e-98a0-4039-9ddf-2014fed2672c"}}
[debug] [2026-07-25T21:56:06.885Z] <<< [apiv2][status] PATCH https://firebaserules.googleapis.com/v1/projects/jafferapp/releases/cloud.firestore 200
[debug] [2026-07-25T21:56:06.885Z] <<< [apiv2][body] PATCH https://firebaserules.googleapis.com/v1/projects/jafferapp/releases/cloud.firestore {"name":"projects/jafferapp/releases/cloud.firestore","rulesetName":"projects/jafferapp/rulesets/dfe1503e-98a0-4039-9ddf-2014fed2672c","createTime":"2026-04-20T17:03:55.024691Z","updateTime":"2026-07-25T21:56:06.932371Z"}
[debug] [2026-07-25T21:56:06.886Z] [rules] updated release projects/jafferapp/releases/cloud.firestore
[info] +  firestore: released rules firestore.rules to cloud.firestore 
[info] 
[info] +  Deploy complete! 
[info] 
[info] Project Console: https://console.firebase.google.com/project/jafferapp/overview
